{"type":"Topology","transform":{"scale":[0.05857497465634417,0.0576093698551282],"translate":[68.18624877929705,6.754255771636963]},"objects":{"indiamap":{"type":"GeometryCollection","geometries":[{"type":"MultiPolygon","id":1,"arcs":[[[0]],[[1]],[[2]],[[3,4,5,6]],[[7,8,-9,8,9,10,11]],[[12]],[[13]],[[14]],[[15,16]],[[17,18]],[[19,-18,20]],[[21]],[[22]],[[23,24,25]],[[-25,26,27,28]],[[29,30,31,32,33,-21,34,35,29]],[[36,36,37,38,39]],[[-28,40]],[[41,42]],[[-42,43,-32,-40,44,45]],[[46]],[[47]],[[48,49,50]],[[51,52,53,54,55,-56,55,-46,56,57,58,59,60,61,62]],[[-49,-58,63,64]],[[65,66,67,68]],[[69]],[[70]],[[71,71,72,73,74,75,76,77,78]]],"properties":{"ID_0":105,"ISO":"IND","NAME_0":"India","ID_1":1,"NAME_1":"Andaman and Nicobar","VARNAME_1":"Andaman & Nicobar Islands|Andaman et Nicobar|Iihas de Andama e Nicobar|Inseln Andamanen und Nikobare","TYPE_1":"Union Territor","ENGTYPE_1":"Union Territory","wikidata":"Q40888"}},{"type":"MultiPolygon","id":2,"arcs":[[[79,80,81,82,83,84,-80]],[[85,-83,86,87,88,89,90,91,92,93,94,95,96,97,98,99,100,-84,101,102]]],"properties":{"ID_0":105,"ISO":"IND","NAME_0":"India","ID_1":2,"NAME_1":"Andhra Pradesh","TYPE_1":"State","ENGTYPE_1":"State","wikidata":"Q1159"}},{"type":"Polygon","id":3,"arcs":[[103,104,105]],"properties":{"ID_0":105,"ISO":"IND","NAME_0":"India","ID_1":3,"NAME_1":"Arunachal Pradesh","VARNAME_1":"Agence de la Frontière du Nord-Est(French-obsolete)|North East Frontier Agency","TYPE_1":"State","ENGTYPE_1":"State","wikidata":"Q1162"}},{"type":"MultiPolygon","id":4,"arcs":[[[106,107,108,109]],[[110,111,112,113,114,115,116,117,118,119,120,121,-105]]],"properties":{"ID_0":105,"ISO":"IND","NAME_0":"India","ID_1":4,"NAME_1":"Assam","TYPE_1":"State","ENGTYPE_1":"State","wikidata":"Q1164"}},{"type":"MultiPolygon","id":5,"arcs":[[[122,123,124,125,126,127]]],"properties":{"ID_0":105,"ISO":"IND","NAME_0":"India","ID_1":5,"NAME_1":"Bihar","TYPE_1":"State","ENGTYPE_1":"State","wikidata":"Q1165"}},{"type":"Polygon","id":6,"arcs":[[128,129,130]],"properties":{"ID_0":105,"ISO":"IND","NAME_0":"India","ID_1":6,"NAME_1":"Chandigarh","TYPE_1":"Union Territor","ENGTYPE_1":"Union Territory","wikidata":"Q43433"}},{"type":"Polygon","id":7,"arcs":[[131,132,-98,-97,133,134,135,136,137,138]],"properties":{"ID_0":105,"ISO":"IND","NAME_0":"India","ID_1":7,"NAME_1":"Chhattisgarh","TYPE_1":"State","ENGTYPE_1":"State","wikidata":"Q1168"}},{"type":"Polygon","id":8,"arcs":[[139,140,141]],"properties":{"ID_0":105,"ISO":"IND","NAME_0":"India","ID_1":8,"NAME_1":"Dadra and Nagar Haveli","VARNAME_1":"DAdra et Nagar Haveli|Dadra e Nagar Haveli","TYPE_1":"Union Territor","ENGTYPE_1":"Union Territory","wikidata":"Q46107"}},{"type":"MultiPolygon","id":9,"arcs":[[[142,143,144]]],"properties":{"ID_0":105,"ISO":"IND","NAME_0":"India","ID_1":9,"NAME_1":"Daman and Diu","TYPE_1":"Union Territor","ENGTYPE_1":"Union Territory","wikidata":"Q66710"}},{"type":"Polygon","id":10,"arcs":[[145,146]],"properties":{"ID_0":105,"ISO":"IND","NAME_0":"India","ID_1":10,"NAME_1":"Delhi","TYPE_1":"Union Territor","ENGTYPE_1":"Union Territory Capital","wikidata":"Q1353"}},{"type":"MultiPolygon","id":11,"arcs":[[[147,148,149,149,150,151]]],"properties":{"ID_0":105,"ISO":"IND","NAME_0":"India","ID_1":11,"NAME_1":"Goa","VARNAME_1":"Gôa","TYPE_1":"State","ENGTYPE_1":"State","wikidata":"Q1171"}},{"type":"MultiPolygon","id":12,"arcs":[[[152,153]],[[154,155]],[[156]],[[157]],[[158,159,160]],[[161,-161,162,163]],[[164,165,165,166,167,168]],[[169,170,171,172]],[[173,174,175,174,176,177,178,179,-180,180]],[[181,182,-178,183,184]],[[185,186,187,188,189,190]],[[182,-183,191,192,193,194,195,-196,195,-196,195,-196,196]],[[197,198,199]],[[200,201,192,202,-203,-193,192,-193,192,-193,-192]],[[203,204,205,206,207,-204]],[[205,-205,208,-209,208,193,-194,202,209,210]],[[211,-201,-182,212,213,-174,214,-198,-200,215,-216,215,216,-210]],[[217,218,219,-142,220,221,222,222,223,224,225,226,227,228,229,230,-158,231,232,233,234,235,236,237,161,-164,238,239,240,241,-172,242,-190,243,244,245,246,-247,247,248]]],"properties":{"ID_0":105,"ISO":"IND","NAME_0":"India","ID_1":12,"NAME_1":"Gujarat","VARNAME_1":"Goudjerate|Gujerat|Gujerate","TYPE_1":"State","ENGTYPE_1":"State","wikidata":"Q1061"}},{"type":"Polygon","id":13,"arcs":[[249,-146,250,251,252,253,253,254,255,256,257,258]],"properties":{"ID_0":105,"ISO":"IND","NAME_0":"India","ID_1":13,"NAME_1":"Haryana","TYPE_1":"State","ENGTYPE_1":"State","wikidata":"Q1174"}},{"type":"Polygon","id":14,"arcs":[[259,-259,-258,260,261,262,263,264]],"properties":{"ID_0":105,"ISO":"IND","NAME_0":"India","ID_1":14,"NAME_1":"Himachal Pradesh","TYPE_1":"State","ENGTYPE_1":"State","wikidata":"Q1177"}},{"type":"Polygon","id":15,"arcs":[[-264,265,266,267]],"properties":{"ID_0":105,"ISO":"IND","NAME_0":"India","ID_1":15,"NAME_1":"Jammu and Kashmir","TYPE_1":"State","ENGTYPE_1":"State","wikidata":"Q1180"}},{"type":"Polygon","id":16,"arcs":[[268,269,-139,270,-126]],"properties":{"ID_0":105,"ISO":"IND","NAME_0":"India","ID_1":16,"NAME_1":"Jharkhand","VARNAME_1":"Vananchal","TYPE_1":"State","ENGTYPE_1":"State","wikidata":"Q1184"}},{"type":"MultiPolygon","id":17,"arcs":[[[271,-94,272,273,274,275,276,277]]],"properties":{"ID_0":105,"ISO":"IND","NAME_0":"India","ID_1":17,"NAME_1":"Karnataka","VARNAME_1":"Maisur|Mysore","TYPE_1":"State","ENGTYPE_1":"State","wikidata":"Q1185"}},{"type":"MultiPolygon","id":18,"arcs":[[[278,279]],[[280,281,282,283,284,284,284,285,286,287,-288,288,289,-274]]],"properties":{"ID_0":105,"ISO":"IND","NAME_0":"India","ID_1":18,"NAME_1":"Kerala","TYPE_1":"State","ENGTYPE_1":"State","wikidata":"Q1186"}},{"type":"MultiPolygon","id":19,"arcs":[[[290]]],"properties":{"ID_0":105,"ISO":"IND","NAME_0":"India","ID_1":19,"NAME_1":"Lakshadweep","VARNAME_1":"Íles Laquedives|Laccadive|Minicoy and Amindivi Islands|Laccadives|Lackadiverna|Lakkadiven|Lakkadi","TYPE_1":"Union Territor","ENGTYPE_1":"Union Territory","wikidata":"Q26927"}},{"type":"Polygon","id":20,"arcs":[[-137,-136,291,-218,292,293]],"properties":{"ID_0":105,"ISO":"IND","NAME_0":"India","ID_1":20,"NAME_1":"Madhya Pradesh","TYPE_1":"State","ENGTYPE_1":"State","wikidata":"Q1188"}},{"type":"MultiPolygon","id":21,"arcs":[[[294]],[[295,134,-134,-96,296,-278,297,298,299,300,301,302,303,304,305,306,-221,-141,-140,-219,-292]]],"properties":{"ID_0":105,"ISO":"IND","NAME_0":"India","ID_1":21,"NAME_1":"Maharashtra","TYPE_1":"State","ENGTYPE_1":"State","wikidata":"Q1191"}},{"type":"Polygon","id":22,"arcs":[[307,308,309,-113,310,311,312]],"properties":{"ID_0":105,"ISO":"IND","NAME_0":"India","ID_1":22,"NAME_1":"Manipur","TYPE_1":"State","ENGTYPE_1":"State","wikidata":"Q1193"}},{"type":"Polygon","id":23,"arcs":[[-109,-118,313]],"properties":{"ID_0":105,"ISO":"IND","NAME_0":"India","ID_1":23,"NAME_1":"Meghalaya","TYPE_1":"State","ENGTYPE_1":"State","wikidata":"Q1195"}},{"type":"Polygon","id":24,"arcs":[[-114,-309,314,315,-115]],"properties":{"ID_0":105,"ISO":"IND","NAME_0":"India","ID_1":24,"NAME_1":"Mizoram","TYPE_1":"State","ENGTYPE_1":"State","wikidata":"Q1502"}},{"type":"Polygon","id":25,"arcs":[[-312,-112,-111,316,317]],"properties":{"ID_0":105,"ISO":"IND","NAME_0":"India","ID_1":25,"NAME_1":"Nagaland","TYPE_1":"State","ENGTYPE_1":"State","wikidata":"Q1599"}},{"type":"MultiPolygon","id":26,"arcs":[[[-100,318,319,320]],[[321]],[[322,323,324]],[[325,326,327,328,329,330,331,332,333,334,-320,335,335,336,-99,337,-133,131,-270]]],"properties":{"ID_0":105,"ISO":"IND","NAME_0":"India","ID_1":26,"NAME_1":"Orissa","TYPE_1":"State","ENGTYPE_1":"State","wikidata":"Q22048"}},{"type":"MultiPolygon","id":27,"arcs":[[[338,339]],[[340]],[[341,342,-342]],[[-103,-102,343,-86]]],"properties":{"ID_0":105,"ISO":"IND","NAME_0":"India","ID_1":27,"NAME_1":"Puducherry","VARNAME_1":"Pondicherry|Puduchcheri|Pondichéry","TYPE_1":"Union Territor","ENGTYPE_1":"Union Territory","wikidata":"Q66743"}},{"type":"Polygon","id":28,"arcs":[[-257,-256,344,-129,-131,253,253,-253,345,346,347,-267,-266,-263,-262,-261]],"properties":{"ID_0":105,"ISO":"IND","NAME_0":"India","ID_1":28,"NAME_1":"Punjab","TYPE_1":"State","ENGTYPE_1":"State","wikidata":"Q22424"}},{"type":"Polygon","id":29,"arcs":[[-252,348,-293,-249,349,-346]],"properties":{"ID_0":105,"ISO":"IND","NAME_0":"India","ID_1":29,"NAME_1":"Rajasthan","VARNAME_1":"Greater Rajasthan|Rajputana","TYPE_1":"State","ENGTYPE_1":"State","wikidata":"Q1437"}},{"type":"Polygon","id":30,"arcs":[[350,351]],"properties":{"ID_0":105,"ISO":"IND","NAME_0":"India","ID_1":30,"NAME_1":"Sikkim","TYPE_1":"State","ENGTYPE_1":"State","wikidata":"Q1505"}},{"type":"MultiPolygon","id":31,"arcs":[[[352]],[[353,354,355,356,-281,-273,357,358]]],"properties":{"ID_0":105,"ISO":"IND","NAME_0":"India","ID_1":31,"NAME_1":"Tamil Nadu","VARNAME_1":"Madras|Tamilnad","TYPE_1":"State","ENGTYPE_1":"State","wikidata":"Q1445"}},{"type":"Polygon","id":32,"arcs":[[-116,-316,359]],"properties":{"ID_0":105,"ISO":"IND","NAME_0":"India","ID_1":32,"NAME_1":"Tripura","TYPE_1":"State","ENGTYPE_1":"State","wikidata":"Q1363"}},{"type":"Polygon","id":33,"arcs":[[360,-271,-138,-294,-349,-251,-147,-250,361,362]],"properties":{"ID_0":105,"ISO":"IND","NAME_0":"India","ID_1":33,"NAME_1":"Uttar Pradesh","VARNAME_1":"United Provinces","TYPE_1":"State","ENGTYPE_1":"State","wikidata":"Q1498"}},{"type":"Polygon","id":34,"arcs":[[-362,-260,363]],"properties":{"ID_0":105,"ISO":"IND","NAME_0":"India","ID_1":34,"NAME_1":"Uttaranchal","VARNAME_1":"Uttarakhand","TYPE_1":"State","ENGTYPE_1":"State","wikidata":"Q1499"}},{"type":"MultiPolygon","id":35,"arcs":[[[364,365,366]],[[367]],[[368,369]],[[370,371]],[[372,-373,373,374,375]],[[-374,372,376,377,378]],[[379,380,381,382]],[[383,384,385,386]],[[387,388,389,390,391]],[[-378,392,393]],[[-373,394,395,-396,396]],[[-385,397,-398,398,399,400,401,402]],[[403,404,405,406,-406,405,407,408,409,410]],[[-393,411,412]],[[413,414,415,-416,416,417]],[[-377,418,419,-420,419,-412]],[[420,421,422]],[[423,-391,-401,424,425,426]],[[-414,380,427,428,370,-371,-429,429,430,431]],[[432,433,434,435,436]],[[-432,437,438]],[[-439,439,440,-415]],[[441,-399,-384,442,443,444]],[[445,-446,446,-416,-441,447,448,449]],[[450,-408,451]],[[-448,447,-448,-440,452,453]],[[-420,454,455,456,457]],[[-433,458,459,460]],[[-426,461,-462,462,463,464,465]],[[-453,438,-439,-438,466,467,468]],[[469,470,471,-460]],[[472,473,474,475,476,477,-478,-456,478,-449]],[[-473,-454,-469,479,480]],[[480,-481,-480,481,482,483]],[[484,484,484,-482,485,-486,485,-471,486,487,488]],[[489,490]],[[491,492,493,494,-474,-481,-484,495,496,491]],[[497,498,499]],[[500,501,-493,502]],[[-503,-497,503]],[[504,505,506,507,-508,-501]],[[508,-509,509,-510,510,511,-512,512,513,514,-515,515,516,517,-494,-502,507,508,-509,-508,-507,518,519,-510]],[[520,521,522,-523,522,-499,-511,509,-520,523,524]],[[525,526,527,528,529,530,-489,531,532]],[[-506,-505,-504,533,534,535,536,537,538,539,540,541]],[[-542,542,-524,-519]],[[543,-544,543,-540,-538,-526,544,545,-544]],[[546,547,548,-543,549,-550,541,-542,-541,540,550,-541,540,-541,-540,539,-544,543,-546,551]],[[552,553,554,-525,-549,555,556,557]],[[558,559]],[[-559,560,-561,560,561,562,563,564]],[[565,566,567,568,-569,568,-569,568,-569,-563,569,570,571]],[[572,573,573,573,574,575,-571,-570,-561,560,-561,576,577,578,579,580,-565,581,582,-552,583,-545,584,584,585,586,587,588,589,-487,-470,469,590,591,592,593,594,595,595,596,597,598,599,600,599,-599,-598,597,601,-602,602,603,604,605,606,-423,-422,421,422,-423,-422,421,607,-409,-451,608,609,610,611,612,613,614,-269,-125,615,616,-351,617]]],"properties":{"ID_0":105,"ISO":"IND","NAME_0":"India","ID_1":35,"NAME_1":"West Bengal","VARNAME_1":"Bangla|Bengala Occidentale|Bengala Ocidental|Bengale occidental","TYPE_1":"State","ENGTYPE_1":"State","wikidata":"Q1356"}}]}},"arcs":[[[438,8],[0,-1],[0,1],[0,-1],[0,-1],[0,-1],[1,0],[0,-1],[0,-1],[0,-1],[-1,0],[1,0],[-1,0],[0,-1],[1,0],[-1,0],[0,-1],[0,1],[0,-1],[-1,0],[0,1],[-1,0],[0,1],[0,1],[0,1],[-1,0],[-1,0],[1,0],[-1,0],[0,1],[1,0],[-1,0],[1,0],[-1,0],[0,1],[1,0],[-1,0],[1,0],[0,1],[1,0],[1,0],[0,1],[1,0]],[[435,11],[1,0],[0,-1],[0,-1],[-1,0],[0,-1],[-1,0],[0,1],[0,1],[1,0],[0,1]],[[431,21],[0,-1],[0,-1],[-1,0],[0,1],[0,-1],[-1,0],[0,1],[-1,0],[0,1],[1,0],[0,1],[1,0],[0,-1],[0,-1],[0,1],[1,0]],[[432,21],[0,1],[0,-1]],[[432,21],[1,0],[-1,0]],[[432,21],[0,1],[1,0]],[[433,22],[0,-1],[0,-1],[-1,0],[0,1]],[[433,22],[-1,0],[1,0],[-1,0],[0,-1]],[[432,21],[-1,0]],[[431,21],[0,1],[1,0]],[[432,22],[0,1],[0,-1]],[[432,22],[-1,0],[0,1],[0,1],[0,1],[1,0],[0,-1],[0,-1],[1,0],[0,-1]],[[425,27],[1,0],[-1,0],[0,-1],[1,0],[0,-1],[1,0],[0,-1],[-1,0],[0,1],[-1,0],[0,1],[0,1]],[[420,43],[0,-1],[1,0],[-1,0],[0,-1],[-1,0],[1,0],[-1,0],[-1,0],[0,1],[1,0],[0,1],[1,0]],[[415,71],[1,0],[0,-1],[0,-1],[0,-1],[0,-1],[-1,0],[0,-1],[1,0],[-1,-1],[-1,0],[-1,0],[0,1],[0,1],[0,1],[0,1],[-1,0],[1,0],[-1,0],[1,1],[0,-1],[0,1],[1,0],[0,1],[1,0]],[[417,82],[1,0],[0,-1]],[[418,81],[0,-1],[-1,0],[1,0],[0,-1],[0,1],[0,-1],[-1,0],[-1,0],[0,1],[1,0],[0,1],[-1,0],[1,0],[0,1]],[[416,83],[0,-1]],[[416,82],[-1,0],[0,1],[1,0]],[[417,82],[-1,0]],[[416,83],[1,0],[0,-1]],[[410,83],[1,0],[0,-1],[-1,0],[0,1],[0,1],[0,-1]],[[423,91],[0,-1],[1,0],[0,-1],[-1,0],[0,1],[-1,0],[0,1],[1,0]],[[424,92],[-1,0],[0,1],[0,-1],[0,1],[-1,0],[1,0],[1,0]],[[424,93],[0,-1]],[[424,92],[0,-1],[0,1]],[[424,93],[0,1]],[[424,94],[1,0]],[[425,94],[0,-1],[0,-1],[-1,0]],[[418,94],[0,-1],[0,1]],[[418,94],[1,0]],[[419,94],[0,-1],[0,-1]],[[419,92],[0,-1],[0,-1],[0,1],[0,-1],[-1,0],[1,0],[-1,0],[1,0],[-1,0],[0,-1],[0,-1],[0,-1],[0,1],[1,0],[0,1],[0,1],[0,-1],[0,1],[0,-1],[1,0],[-1,0],[1,0],[-1,0],[1,0],[-1,0],[1,0],[-1,0],[0,-1],[0,-1],[0,-1],[0,-1],[0,1],[0,-1],[-1,0],[0,-1],[0,1],[-1,0],[0,-1],[1,0],[0,1],[0,-1],[0,1],[1,0],[-1,0],[1,0],[0,-1],[0,-1],[-1,0],[0,-1]],[[418,82],[0,-1],[0,1],[-1,0]],[[416,83],[0,1],[1,0],[-1,0],[0,1],[0,1],[0,-1],[0,1],[-1,0],[1,0],[-1,0],[1,0],[-1,0],[1,0],[0,1],[-1,0],[1,0],[-1,0],[0,1],[0,1],[1,0],[0,1],[0,-1],[0,-1],[0,1],[0,1],[1,0],[-1,0],[1,0],[0,1],[0,1],[0,1],[0,1],[1,0]],[[418,94],[0,1],[0,-1]],[[419,94],[0,1],[0,-1]],[[419,94],[-1,0],[0,1]],[[418,95],[1,0]],[[419,95],[0,-1]],[[424,94],[0,1],[1,0],[0,-1]],[[421,95],[0,1]],[[421,96],[1,0],[0,-1],[0,1],[0,-1],[-1,0]],[[421,95],[0,-1],[0,-1],[-1,0],[0,-1],[-1,0]],[[419,95],[0,1]],[[419,96],[1,0],[1,0]],[[437,96],[1,0],[0,-1],[-1,0],[1,0],[-1,0],[0,1],[1,0],[-1,0]],[[421,98],[0,-1],[0,1],[0,-1],[-1,0],[0,1],[1,0]],[[418,105],[0,1]],[[418,106],[1,0]],[[419,106],[-1,-1]],[[421,98],[0,1],[-1,0],[1,0],[0,-1]],[[421,98],[-1,0]],[[420,98],[0,1],[0,-1]],[[420,98],[0,-1],[1,0]],[[421,97],[0,-1]],[[419,96],[-1,0],[0,1],[0,1],[0,1],[0,1],[0,1],[0,1],[0,-1],[0,1],[1,0],[0,-1],[0,1],[1,0],[-1,0],[0,1],[0,-1],[0,1],[-1,0],[1,0],[0,1],[-1,0]],[[418,104],[0,1]],[[418,105],[1,0],[0,1]],[[419,106],[0,-1],[0,1]],[[419,106],[1,0]],[[420,106],[1,0],[0,1],[0,-1]],[[421,106],[1,0],[0,-1],[0,-1],[1,0],[0,-1],[-1,0],[1,0],[0,-1],[-1,0],[1,0],[-1,0],[0,-1],[1,0],[0,-1],[0,-1],[-1,0],[0,-1],[-1,0]],[[418,104],[-1,0],[0,1],[0,1],[1,0]],[[418,106],[-1,0],[0,1],[0,-1],[0,1],[1,0],[-1,0],[1,0],[0,1],[0,-1],[0,-1]],[[422,107],[1,0],[-1,0]],[[422,107],[0,1],[1,0]],[[423,108],[0,-1],[0,1]],[[423,108],[0,-1],[-1,0]],[[419,110],[-1,-1],[0,1],[1,0]],[[445,116],[0,-1],[-1,0],[0,1],[1,0]],[[423,108],[0,1],[0,-1]],[[423,108],[-1,0]],[[422,108],[0,1],[-1,0],[1,0],[0,-1]],[[422,108],[-1,0],[1,0]],[[422,108],[0,-1],[0,1]],[[422,108],[-1,0],[0,-1]],[[421,107],[0,-1],[-1,0]],[[420,106],[0,1],[0,1],[0,1],[0,1],[0,-1],[0,1],[1,0],[-1,0],[0,1],[0,1],[1,0],[-1,0],[0,1],[0,1],[1,0],[0,1],[-1,0],[1,0],[0,1],[0,1],[1,0],[1,0],[0,1],[0,-1],[0,1],[1,0],[0,-1],[0,-1],[-1,0],[1,0],[0,-1],[-1,0],[1,0],[0,-1],[0,1],[0,-1],[1,0],[-1,0],[0,-1],[0,1],[0,-1],[0,1],[-1,0],[-1,0],[1,0],[0,-1],[1,0],[0,-1],[0,1],[0,-1],[0,-1],[0,-1],[0,-1],[-1,0],[0,-1]],[[241,173],[1,0],[0,-1],[-1,0]],[[241,172],[0,-1],[0,-1]],[[241,170],[0,1],[-1,0]],[[240,171],[0,1]],[[240,172],[1,0],[0,1]],[[241,173],[0,-1]],[[240,172],[-1,0],[0,1],[-1,0],[0,-1],[1,0],[1,0]],[[240,171],[0,-1],[1,0]],[[241,170],[-1,0],[0,-1],[-1,0],[-1,0],[-1,0],[0,-1],[-1,0],[0,-1],[-1,0],[-1,0],[-1,0],[0,-1],[-1,0],[-1,0],[0,-1],[0,1],[-1,0],[-1,0],[-1,0],[-1,0],[-1,0],[-1,0],[-1,0],[1,0],[-1,0],[1,0],[-1,0],[0,-1],[-1,0],[0,-1],[-1,0],[1,0],[-1,0],[0,-1],[0,-1],[0,1],[0,-1],[-1,0],[1,0],[-1,0],[0,-1],[0,-1],[-1,0],[0,-1],[0,-1],[-1,0],[0,-1],[-1,0],[0,-1],[0,-1],[-1,0],[-1,0],[-1,0],[0,1],[0,-1],[0,1],[0,1],[0,1],[-1,0],[-1,0],[-1,0],[-1,0],[0,-1],[-1,0],[-1,0],[-1,0],[0,-1],[-1,0],[0,-1],[-1,0],[0,-1],[-1,0],[0,-1],[0,-1],[0,-1],[-1,0],[0,-1],[0,-1],[-1,0],[0,-1],[0,-1],[0,-1],[-1,0],[1,0],[-1,0],[0,-1],[0,-1],[0,-1],[0,-1],[0,-1],[1,0],[0,-1],[0,-1],[-1,0],[0,1],[0,-1],[1,0],[0,-1],[1,0],[0,-1],[-1,0],[1,0],[0,1],[-1,0],[1,0],[0,-1],[0,-1],[1,0],[0,-1],[-1,0],[0,-1],[0,-1],[0,-1],[0,-1],[0,-1],[-1,0],[0,-1],[0,-1],[0,-1],[0,1],[0,-1],[1,0],[0,-1],[0,-1],[0,1],[0,-1],[0,-1],[1,0],[0,-1],[0,-1],[0,-1],[0,-1],[0,-1],[0,-1],[1,0],[0,-1],[0,-1]],[[206,116],[1,0],[-1,0],[1,0],[0,-1],[-1,0],[0,1]],[[206,116],[0,1],[0,1],[-1,0],[0,1],[-1,0],[0,1],[0,1],[-1,0],[0,-1],[1,0],[0,-1],[-1,0],[0,1],[0,-1],[0,1],[0,-1],[-1,0],[0,-1],[1,0],[0,-1]],[[203,117],[1,0],[0,-1]],[[204,116],[0,1],[0,-1]],[[204,116],[1,0],[1,0],[0,-1],[1,0],[0,-1],[-1,0],[0,1],[0,1],[-1,0],[-1,0],[-1,0],[0,1],[-1,0],[-1,0],[1,0],[0,-1],[-1,0],[0,-1],[-1,0],[0,-1],[-1,0],[0,-1],[-1,0],[-1,0],[-1,0],[1,-1],[1,0],[-1,0],[0,-1],[0,1],[-1,0],[0,-1],[0,1],[0,1],[-1,0],[0,-1],[0,1],[-1,0],[0,-1],[-1,1],[-1,0],[0,1],[-1,0],[0,-1],[0,-1],[1,0],[-1,0],[0,-1],[-1,0],[0,-1],[-1,0],[-1,0],[0,-1],[-1,0],[0,-1],[-1,0],[-1,0],[0,1],[-1,0],[-1,0],[-1,0],[0,-1],[1,0],[-1,0],[0,1],[-1,0],[-1,0],[-1,0],[0,-1],[-1,0],[0,-1],[0,-1],[0,1],[0,-1],[-1,0],[0,-1],[0,-1],[-1,0],[0,-1],[0,-1],[0,1],[-1,0],[1,0],[-1,0],[0,-1],[1,0],[-1,0],[0,-1],[-1,0],[-1,0],[0,1],[-1,0],[0,1],[-1,0],[0,-1],[-1,0],[0,1],[1,0],[0,1]],[[171,104],[0,1],[1,0],[0,1],[1,0],[-1,0],[1,0],[0,1],[0,-1],[1,0],[1,0],[0,-1],[0,1],[-1,0],[0,1],[1,0],[0,1],[0,1],[1,0],[0,1],[0,1],[1,0],[-1,0],[1,0],[0,1],[0,1],[-1,0],[0,-1],[0,1],[-1,0],[-1,0],[-1,0],[0,1],[1,0],[0,-1],[0,1],[-1,0],[0,1],[0,1],[0,1],[1,0],[0,1],[-1,0],[-1,0],[-1,0],[-1,0],[0,1],[-1,0],[-1,0],[0,1],[1,0],[0,1],[-1,0],[1,0],[0,1],[0,1],[-1,0],[-1,0],[0,-1],[-1,0],[0,1],[1,0],[0,1],[-1,0],[0,-1],[-1,1],[-1,0],[0,-1],[-1,-1],[-1,0],[0,-1],[-1,0],[-1,0],[1,0],[-1,0],[-1,-1],[0,1],[0,-1],[-1,0],[0,1],[0,1],[-1,0],[-1,0],[0,1],[0,-1],[-1,0],[0,1],[-1,-1],[0,1],[-1,0],[0,1],[0,-1],[-1,0],[0,-1],[1,0],[0,-1],[-1,0],[-1,0],[-1,0],[0,1],[-1,0],[1,0],[0,1],[1,0],[0,1],[-1,0],[0,1],[-1,0],[0,1],[1,0],[-1,0],[0,1],[0,1],[0,-1],[-1,0],[0,1],[1,0],[0,1],[0,-1],[1,0],[0,-1],[0,-1],[1,0],[1,0],[0,-1],[1,0],[1,0],[0,1],[1,0],[0,-1],[0,1],[0,-1],[1,0],[0,-1],[0,-1],[1,0],[0,1],[0,1],[-1,0],[1,0],[-1,0],[0,1],[0,1],[1,0],[-1,0],[0,1],[1,0],[1,0],[1,0],[0,1],[-1,0],[0,1],[0,1],[-1,0],[-1,0],[0,-1],[1,0],[0,-1],[-1,0],[0,1],[-1,0],[0,1],[-1,0],[-1,0],[-1,0],[0,-1],[0,-1],[-1,0],[-1,0],[-1,0],[0,1],[0,1],[-1,0],[0,1],[1,0],[0,1],[1,0],[0,1],[-1,0],[-1,0],[0,-1],[0,1],[-1,0],[-1,1],[0,1],[0,-1],[0,1],[0,1],[0,1],[1,0],[-1,0],[0,1],[1,0],[0,1],[0,1],[1,0],[0,1],[-1,0],[-1,0],[0,1],[0,1],[1,0],[1,0],[0,-1],[1,0],[1,0],[1,0],[1,0],[0,1],[1,1],[-1,0],[1,0],[0,1],[-1,0],[0,1],[1,0],[-1,0],[1,0],[-1,1],[-1,0],[0,1],[0,1],[-1,0],[0,1],[-1,0],[1,0],[0,1],[0,1],[0,1],[1,0],[1,0],[0,-1],[0,1],[-1,1],[0,1],[0,1],[-1,0],[1,0],[0,1],[1,1],[1,0],[1,0],[1,0],[1,0],[1,0],[1,0],[1,0],[0,1],[-1,0],[0,1],[1,0],[-1,0],[0,1],[1,0],[-1,0],[0,1],[0,1],[1,0],[-1,0],[1,1],[1,0],[0,1],[-1,0],[-1,1],[-1,-1],[-1,1],[-1,0],[-1,0],[0,1],[1,0],[0,1],[0,-1],[1,0],[0,1],[1,0],[0,1],[1,0],[0,1],[-1,0],[0,1],[1,0],[-1,0],[0,1],[0,1],[1,0],[0,-1],[0,1],[0,1],[0,1],[0,1],[0,1],[0,1],[-1,0],[0,1],[-1,0],[0,1],[1,0],[-1,0],[1,0],[0,1],[1,0],[-1,0],[0,1],[1,0],[0,1],[0,-1],[1,1],[0,1],[1,0],[0,1],[1,0],[1,0],[-1,0],[-1,1],[-1,0],[-1,0],[-1,0],[1,1],[-1,0],[1,0],[0,1],[0,1],[1,0],[1,0],[0,1],[-1,0],[0,1],[1,0],[0,1],[0,-1],[0,1],[1,0],[-1,1],[1,0],[0,1],[-1,0],[-1,0],[0,1],[1,0],[0,1],[0,1],[0,1],[0,1]],[[160,200],[-1,0],[1,0],[-1,0]],[[159,200],[0,1],[0,1],[1,0],[0,1],[-1,0],[1,0],[0,1],[1,0],[1,0],[1,0],[0,1],[0,1],[-1,0],[1,1],[1,0],[0,1],[0,1],[1,0],[1,0],[0,1],[-1,0],[0,1],[0,-1],[-1,1],[1,0],[-1,0],[0,1],[-1,0],[0,1],[1,0],[0,1],[0,1],[1,0],[-1,0],[1,1],[0,1],[0,1],[1,0],[1,0],[0,-1],[1,0],[0,-1],[1,0],[1,0],[0,1],[0,1],[0,1],[1,0],[0,1],[1,0],[0,1],[0,1],[0,1],[0,1],[1,0],[0,1],[0,1],[0,1],[-1,0],[0,1],[1,0],[0,-1],[1,0],[0,-1],[1,0],[1,0],[1,0],[1,0],[1,0],[0,-1],[1,0],[0,1],[1,-1],[1,0],[0,-1],[0,-1],[0,1],[1,0],[1,-1],[-1,0],[1,0],[0,-1],[-1,0],[1,0],[0,-1],[1,1],[0,-1],[1,0],[1,0],[0,-1],[1,0],[0,1],[0,1],[0,1],[1,0],[0,-1],[1,0],[1,0],[0,-1],[1,0],[1,0],[0,1],[0,-1],[1,0],[1,1],[1,0],[1,0],[0,1],[0,-1],[1,0],[0,-1],[1,0],[1,0],[0,-1],[0,-1],[1,0],[0,-1],[-1,0],[1,-1],[-1,0],[0,-1],[0,-1],[-1,-1],[0,-1],[1,0],[0,-1],[0,-1],[0,-1],[0,-1],[-1,0],[1,0],[0,-1],[1,0],[1,0],[0,-1],[1,0],[0,-1],[0,1],[1,0],[0,-1],[0,1],[1,0],[1,0]],[[206,207],[0,-1],[1,0],[0,-1],[1,0],[1,1],[1,0],[0,-1],[1,0],[0,-1],[1,0],[0,-1],[1,0],[0,-1],[1,0],[-1,-1],[1,0],[0,-1],[0,-1],[1,0],[-1,0],[0,-1],[1,0],[0,1],[1,0],[0,-1],[0,-1],[1,0],[0,1],[1,0],[0,-1],[-1,0],[0,-1],[1,0],[0,-1],[0,-1],[0,-1],[0,-1],[1,-1],[1,0],[0,1],[1,0],[1,0],[1,-1],[1,0],[1,0]],[[225,191],[0,1]],[[225,192],[1,0],[0,-1],[1,0],[1,1],[1,0],[1,1],[0,-1],[1,1],[1,0],[0,1],[1,0],[1,0],[1,1],[0,1],[1,0],[0,-1],[0,1],[1,0],[1,0],[0,-1],[1,0],[0,-1],[1,0],[0,1],[0,1],[0,-1],[1,0],[0,1],[0,-1],[0,1],[0,1],[1,0],[-1,0],[0,1],[0,1],[1,0],[0,1],[-1,0],[0,1],[1,0],[0,1],[-1,0],[1,0],[0,1],[1,0],[0,1],[1,0],[-1,0],[1,0],[0,-1],[0,1],[0,-1],[0,-1],[1,0],[-1,0],[1,0],[-1,0],[0,-1],[1,0],[1,0],[0,-1],[-1,0],[0,-1],[1,0],[1,1],[1,0],[1,1],[0,1],[1,0],[1,0],[-1,-1],[1,0],[1,0],[1,0],[1,0],[0,1],[-1,0],[0,1],[1,0],[0,1],[-1,0],[0,1],[0,1],[1,1],[0,1],[1,0],[1,0],[0,-1],[0,1],[1,0],[1,1],[0,-1],[0,1],[1,0],[-1,0],[1,0],[0,1],[-1,0],[0,1],[1,0],[-1,0],[0,1],[1,0],[1,-1],[0,1],[1,0],[0,1],[-1,0],[1,0],[0,-1],[0,1],[0,-1],[1,0],[0,1],[0,1],[1,0],[0,1],[0,-1],[1,0],[-1,0],[1,0],[0,-1],[0,-1],[1,0],[-1,0],[1,0],[0,-1],[0,-1],[1,0],[0,1],[-1,0],[0,1],[1,0],[0,-1],[0,-1],[1,0],[0,-1],[1,0],[1,0],[1,0],[0,-1],[1,0],[1,0],[1,0],[1,0],[1,0],[0,1],[0,1],[0,-1],[1,0],[0,1],[0,-1],[0,1],[-1,0],[1,0],[1,0],[-1,0],[1,0],[0,1],[0,1],[1,0],[0,1],[1,0],[0,-1],[1,0],[0,1],[1,0],[0,1],[-1,0],[0,-1],[0,1],[1,0],[0,1],[1,0],[-1,-1],[1,0]],[[282,214],[0,-1]],[[282,213],[0,-1],[-1,0],[0,-1],[0,1],[0,-1],[-1,0],[0,-1],[-1,0],[0,-1],[0,-1],[-1,0],[0,-1],[-1,0],[0,-1],[-1,0],[0,-1],[0,-1],[-1,0],[1,0],[-1,0],[-1,0],[0,-1],[-1,0],[0,-1],[-1,0],[0,-1],[0,-1],[-1,0],[0,-1],[-1,0],[-1,0],[0,-1],[-1,0],[-1,0],[-1,0],[0,-1],[-1,0],[-1,0],[0,-1],[-1,0],[0,-1],[-1,0],[0,-1],[-1,0],[0,-1],[-1,0],[0,-1],[-1,0],[1,0],[-1,0],[0,-1],[-1,0],[0,-1],[0,-1],[-1,0],[1,0],[-1,0],[0,1],[0,-1],[0,-1],[-1,0],[0,-1],[-1,0],[-1,0],[0,-1],[-1,0],[-1,0],[0,-1],[-1,0],[-1,0],[0,-1],[-1,0],[-1,0],[0,-1],[-1,0],[-1,0],[0,-1],[-1,0],[1,0],[-1,0],[-1,0],[0,-1],[-1,0],[0,-1],[-1,0],[0,-1],[-1,0],[0,-1],[-1,0],[0,-1],[0,-1],[0,-1],[1,0],[1,0],[-1,0],[1,0],[0,1],[-1,0],[0,1],[0,-1],[1,0],[0,-1],[-1,0],[0,-1],[0,-1]],[[240,172],[1,1]],[[241,173],[-1,0],[0,-1]],[[461,346],[0,-1],[0,1],[0,1],[0,1],[-1,0],[0,1],[1,0],[0,1],[0,1],[0,1]],[[461,352],[1,-1],[0,1],[1,0],[0,1],[1,0],[1,0],[0,1],[0,1],[1,0],[0,1],[1,-1],[1,0],[1,0],[1,0],[0,1],[1,0],[1,0],[1,-1],[0,1],[1,0],[0,1],[1,0],[0,1],[-1,0],[0,1],[0,-1],[0,1],[0,-1],[-1,1],[1,0],[-1,0],[0,-1],[-1,0],[1,0],[-1,0],[0,1],[0,-1],[0,1],[0,1],[0,1],[0,-1],[0,1],[-1,0],[0,1],[0,1],[-1,0],[0,1],[1,0],[0,1],[1,0],[0,1],[1,0],[0,1],[1,0],[0,1],[-3,0],[-3,0],[-1,-1],[-1,0],[0,-1],[-2,0],[-1,0],[-1,0],[-1,0],[0,-1],[-3,0],[0,-1],[-1,0],[-1,0],[-1,0],[0,-1],[-1,0],[-1,0],[0,-1],[0,1],[-1,0],[0,-1],[0,1],[0,-1],[-1,0],[-1,0],[0,-1],[-1,0],[-1,0],[-1,0],[-1,0],[-1,0],[0,1],[-1,0],[0,-1],[1,0],[0,-1],[-1,0],[-1,0],[0,-1],[-1,-1],[-1,0],[0,-1],[-1,0],[0,-1],[-1,0],[0,-1],[-1,0],[0,-1],[-1,0],[0,-1],[0,-1],[-1,0],[0,-1],[-1,0],[0,-1],[-1,0],[-1,0],[-1,0],[-1,0],[-1,0],[-1,0],[-1,0],[-1,0],[-1,0],[-1,0],[0,-1],[-1,1],[-1,-1],[0,1],[-1,0],[0,1],[-1,0],[-1,0],[-1,0],[0,1],[-1,-1],[-1,1],[0,-1],[-1,-1],[-1,0],[-1,0],[-1,0],[-1,0],[-1,0],[0,-1],[-1,0],[-1,0],[-1,0]],[[408,349],[0,1],[0,1],[-1,0],[0,1],[0,1],[-1,0],[1,0],[0,1],[-1,0],[1,0],[0,1],[0,1],[1,0],[-1,0],[0,1],[0,1],[0,1],[-1,0],[-1,0],[-1,0],[-1,0],[-1,0],[-1,0],[0,1],[-1,0],[0,-1],[0,1],[-1,0],[0,1],[0,1],[0,1],[1,0],[0,1],[0,1],[-1,0],[-1,0],[0,1],[1,0],[1,0],[1,0],[0,-1],[1,0],[1,0],[0,-1],[1,0],[0,-1],[0,1],[1,-1],[0,1],[1,0],[1,0],[1,1],[1,0],[0,1],[1,0],[1,0],[0,-1],[0,-1],[1,1],[1,0],[1,0],[1,1],[0,-1],[1,0],[0,1],[1,0],[0,1],[1,0],[1,1],[-1,0],[0,1],[-1,0],[0,1],[1,0],[0,1],[1,0],[1,1],[0,-1],[1,0],[0,1],[1,0],[0,1],[1,0],[0,-1],[0,1],[1,0],[-1,0],[1,1],[1,0],[1,0],[1,0],[0,1],[0,1],[-1,0],[1,0],[0,1],[1,0],[0,1],[0,1],[1,0],[1,1],[1,0],[1,0],[1,0],[1,0],[1,0],[1,0],[1,0],[0,1],[1,0],[1,-1],[0,1],[1,0],[0,1],[0,1],[1,0],[0,1],[1,0],[1,1],[0,1],[1,1],[0,1],[1,0],[1,0],[0,1],[1,0],[0,1],[1,0],[0,-1],[1,0],[1,1],[0,1],[1,0],[0,1],[1,-1],[1,0],[0,-1],[1,0],[0,-1],[1,0],[1,0],[0,-1],[1,0],[1,0],[-1,0],[0,1],[1,-1],[1,0],[1,0],[1,0],[1,0],[-1,-1],[1,0],[1,0],[0,-1],[1,0],[1,0],[0,1],[1,0],[0,1],[1,0],[0,1],[-1,0],[1,0],[0,1],[1,0],[1,0],[0,1],[1,0],[0,1],[1,0],[0,-1],[0,1],[1,0],[1,0],[1,0],[0,1],[1,0],[0,1],[1,0],[0,-1],[1,0],[0,-1],[1,0],[-1,-1],[1,0],[0,-1],[1,0],[1,0],[0,1],[1,0],[0,-1],[0,-1],[-1,0],[-1,-1],[-1,0],[0,-1],[-1,0],[-1,0],[1,0],[0,-1],[0,-1],[0,-1],[1,0],[1,1],[0,1],[1,0],[1,0],[1,0],[0,1],[1,0],[0,-1],[-1,0],[1,-1],[0,-1],[1,0],[-1,0],[1,0],[0,-1],[1,-1],[0,-1],[-1,0],[-1,0],[0,-1],[-1,0],[1,0],[0,-1],[-1,0],[0,-1],[-1,1],[0,-1],[-1,0],[0,-1],[1,0],[-1,-1],[-1,0],[0,-1],[1,0],[1,0],[0,-1],[1,0],[0,1],[0,1],[1,0],[1,0],[1,0],[1,0],[1,0],[0,-1],[1,0],[1,0],[1,0],[0,-1],[1,0],[1,0],[0,1],[1,0],[1,-1],[0,-1],[1,0],[1,0],[1,0],[0,-1],[1,0],[-1,-1],[0,-1],[0,-1],[1,0],[0,1],[0,-1],[0,-1],[0,-1],[0,-1],[-1,0],[0,1],[-1,0],[0,-1],[-1,0],[-1,0],[0,-1],[-1,0],[0,-1],[-1,0],[0,-1],[-1,0],[-1,0],[0,-1],[0,-1],[0,-1],[0,-1],[0,-1],[1,0],[0,-1],[1,0],[0,-1],[1,0],[0,-1],[0,-1],[1,0],[0,-1],[-1,0],[-1,0],[0,1],[-1,0],[-1,0],[-1,0],[0,1],[1,0],[-1,0],[1,1],[-1,0],[-1,0],[0,1],[-1,0],[0,1],[-1,-1],[-1,0],[-1,0],[0,-1],[-1,0],[-1,0],[-1,0],[-1,0],[-1,0],[-1,0],[0,-1],[-1,0],[-1,0],[-1,-1],[-1,-1],[0,-1],[-1,0],[0,-1],[-1,0],[-1,0],[-1,0],[0,-1],[0,-1],[-1,0],[-1,0],[0,-1],[-1,0],[-1,0],[0,-1],[-1,0],[0,-1],[-1,0],[0,-1],[-1,0],[-1,0],[0,1],[-1,0]],[[370,325],[-1,0],[1,0]],[[370,325],[-1,0],[0,1],[1,0]],[[370,326],[0,-1],[0,-1],[-1,0]],[[369,324],[0,1],[1,0]],[[461,352],[-1,-1],[-1,0],[0,-1],[-1,0],[-1,0],[-1,0],[-1,0],[0,-1],[-1,0],[0,-1],[0,-1],[-1,0],[-1,0],[0,-1],[-1,0],[-1,0],[1,0],[-1,0],[-1,0],[0,-1],[-1,0],[0,-1],[-1,0],[0,-1],[0,-1],[-1,0],[-1,0],[0,1],[-1,0],[0,-1],[-1,0],[0,-1],[0,-1],[0,-1],[0,1],[0,-1],[-1,0],[0,-1],[-1,0],[0,-1],[-1,0],[0,-1],[0,-1],[0,-1],[-1,0],[1,0],[-1,-1],[1,0],[0,-1],[-1,0],[0,-1],[-1,0],[-1,0],[0,-1],[0,1],[-1,0],[1,0],[-1,0],[1,0],[-1,0],[1,0],[0,1],[0,1],[-1,0],[0,-1],[-1,0],[0,-1],[-1,0],[0,-1],[0,1],[0,-1],[-1,0],[0,-1],[0,1],[0,-1],[-1,0],[1,0],[-1,0],[0,-1],[-1,0],[1,0],[-1,0],[0,-1],[-1,0],[0,-1],[-1,0],[0,-1],[1,0],[0,-1],[1,0],[0,-1],[0,-1]],[[431,322],[0,-1]],[[431,321],[-1,0],[0,-1],[-1,0],[0,-1],[0,-1],[-1,0],[0,-1],[-1,0],[1,0],[-1,0],[0,-1],[1,0],[-1,0],[1,0],[-1,0],[1,0],[0,-1],[-1,0],[0,-1],[-1,0],[1,0],[-1,0],[0,-1],[1,0],[-1,0],[1,0],[-1,0],[-1,0],[0,-1],[0,-1],[-1,0],[1,0],[0,-1],[-1,0],[1,0],[0,-1],[-1,0],[1,0],[-1,0],[0,-1],[0,-1],[0,-1]],[[424,306],[-1,0]],[[423,306],[-1,0],[-1,0],[0,-1],[-1,0],[0,1],[0,1],[-1,0],[0,1],[0,-1],[-1,-1],[0,-1],[-1,0],[0,-1],[0,-1],[-1,0],[-1,0],[0,-1],[-1,0],[0,-1],[0,1],[0,-1],[0,1],[-1,0],[1,0],[-1,0],[0,1],[-1,0],[-1,0]],[[411,303],[-1,0],[1,2],[0,1],[-1,0],[0,1],[0,1]],[[410,308],[0,1],[0,1],[0,1],[1,0],[0,1],[0,1],[-1,0],[0,1],[0,1],[1,0],[1,-1],[1,0],[1,0],[1,0],[-1,0],[1,0],[0,1],[-1,0],[0,1],[0,-1],[0,1],[-1,0],[0,1]],[[413,317],[1,0],[0,1],[1,0],[0,1],[0,-1],[1,0],[0,1],[0,-1],[1,0],[0,1],[1,0],[0,1],[1,0],[1,0],[-1,0],[0,1],[1,0],[-1,0],[0,1],[1,0],[-1,0],[0,1],[-1,0],[-1,0],[0,1],[0,-1],[0,1],[0,-1],[-1,0],[0,1],[0,1],[1,0],[0,1],[0,1],[0,-1],[-1,0],[0,1],[-1,0],[-1,0],[0,1],[-1,0],[0,1],[1,0],[-1,0],[-1,0],[-1,0],[-1,0],[0,-1],[-1,0],[0,1],[0,1],[0,1],[0,1],[1,0],[-1,0],[0,1],[1,0],[0,1],[1,1],[-1,0],[-1,0],[-1,-1],[-1,0],[-1,0],[-1,0],[-1,0],[0,1],[-1,1],[0,-1],[-1,0],[-1,0],[1,0],[-1,-1],[0,-1],[0,-1],[-1,0],[-1,1],[1,0],[0,1],[-1,0],[-1,-1],[0,-1],[-1,0],[0,-1],[1,0],[0,1],[0,-1],[-1,0],[-1,0],[-1,0],[-1,-1],[0,-1],[-1,0],[-1,0],[0,1],[0,1],[-1,0],[-1,0],[0,-1],[0,1],[-1,0],[0,-1],[0,1],[0,1],[-1,0],[0,1],[0,-1],[-1,0],[0,1],[-1,0],[-1,-1],[0,1],[-1,0],[-1,-1],[-1,0],[1,0],[-1,1],[0,-1],[-1,0],[0,1],[0,1],[-1,0],[-1,-1],[0,1],[-1,0],[0,-1],[-1,0],[-1,0],[-1,0],[-1,0],[-1,-1],[-1,0],[0,-1],[-1,0],[0,-1],[0,-1],[-1,0],[0,-1],[1,0],[1,-1],[0,-1],[-1,0],[-1,0]],[[370,326],[0,1],[0,1]],[[370,328],[-1,0],[0,1],[0,1],[0,1],[0,1],[1,0],[0,1],[-1,0],[0,-1],[0,1],[1,0],[-1,0],[0,1],[0,-1],[0,1],[-1,0],[1,0],[-1,0],[0,1],[1,0],[-1,0],[0,1],[-1,0]],[[367,336],[0,1],[0,1],[0,1],[1,0],[0,1],[1,0],[0,1],[0,-1],[0,1],[1,0],[0,1],[-1,0],[0,1],[1,0],[0,1],[-1,0],[0,1],[1,0],[0,1],[-1,0],[1,0],[-1,0],[1,0],[-1,0],[1,0]],[[370,346],[1,0],[1,0],[1,0],[1,0],[0,1],[1,0],[0,1],[1,0],[1,0],[1,1],[1,0],[1,0],[0,-1],[1,0],[0,-1],[1,0],[1,0],[1,0],[1,0],[1,0],[1,0],[1,0],[1,0],[1,0],[1,1],[1,0],[1,0],[1,-1],[1,0],[1,1],[1,0],[0,-1],[1,0],[1,0],[0,1],[1,0],[1,0],[1,0],[1,0],[0,1],[1,0],[1,0],[1,0],[0,-1],[1,0],[0,1],[1,0]],[[340,342],[-1,0],[1,0]],[[340,342],[-1,0],[0,1],[1,0]],[[340,343],[0,-1],[0,1],[1,0],[1,0],[-1,0],[1,0],[-1,0],[0,-1],[1,0],[-1,0],[1,-1],[0,-1],[1,0],[0,-1],[-1,0],[-1,0],[0,-1],[-1,0],[0,-1],[-1,0],[-1,0],[0,-1],[-1,0],[0,-1],[-1,0],[-1,0],[0,-1],[0,-1],[0,-1],[-1,0],[1,0],[0,-1],[1,0],[0,-1],[1,0],[0,-1],[1,0],[0,-1],[1,0],[-1,0],[1,0],[0,-1],[-1,0],[1,0],[-1,0],[0,-1],[0,-1],[1,0],[-1,0],[-1,0],[1,0],[-1,0],[0,1],[0,-1],[0,1],[-1,0],[0,-1],[-1,0],[0,-1],[-1,0],[0,-1],[0,-1],[1,0],[0,-1],[0,-1],[-1,0]],[[334,320],[0,1],[-1,0],[-1,0],[1,0],[-1,0],[1,0],[-1,1],[0,-1],[0,1],[-1,0],[-1,0],[0,-1],[-1,0],[0,1],[0,-1],[0,-1],[-1,0],[-1,0],[-1,0],[0,-1],[0,-1],[-1,0],[-1,0],[0,-1],[-1,0],[0,-1],[0,-1],[0,-1],[-1,0],[0,-1],[0,-1],[0,-1],[0,-1],[-1,0],[1,-1],[-1,0],[0,1],[0,-1],[0,1],[0,-1],[0,1],[-1,0],[-1,0],[1,0],[-1,0],[0,-1],[0,-1],[0,1],[-1,0],[0,-1],[0,1],[-1,0],[0,1],[0,-1],[0,1],[-1,0],[0,-1],[-1,0],[-1,0],[-1,0],[0,-1],[-1,0],[0,-1],[0,-1],[0,-1],[-1,0],[-1,1],[0,1],[-1,-1],[0,1],[-1,0],[1,0],[0,1],[0,1],[-1,0],[-1,0],[-1,0],[0,1],[0,1],[-1,1],[-1,0],[1,0],[-1,0],[-1,0],[-1,0],[0,1],[-1,0],[-1,0],[-1,0],[0,-1],[0,-1],[-1,0],[0,-1],[0,-1],[-1,0],[-1,0],[0,-1],[-1,0],[-1,0],[-1,0],[-1,0],[-1,0],[0,-1],[0,1],[0,-1],[-1,0],[-1,0],[0,-1],[-1,0],[0,-1],[0,1],[-1,0],[-1,0],[0,-1],[-1,0],[0,1],[-1,0],[0,1],[1,0],[-1,0],[0,1],[-1,0],[-1,-1],[-1,0],[0,-1],[-1,0],[-1,0],[0,-1],[-1,0],[0,-1],[-1,0],[0,1],[-1,0],[0,1],[-1,0],[0,1],[-1,0],[1,0],[0,1],[0,1],[-1,0],[0,-1],[-1,0],[0,1],[0,-1],[-1,0],[1,0],[-1,0],[0,-1],[-1,0],[0,1],[0,1],[-1,0],[1,0],[-1,0],[0,1],[-1,0],[0,-1],[-1,0],[0,-1],[-1,0],[-1,0],[-1,0],[-1,0],[-1,0],[-1,0],[-1,0]],[[261,308],[0,1],[0,1],[1,0],[-1,0],[0,1],[0,1],[-1,0],[-1,0],[0,1],[0,1],[-1,0],[1,0],[-1,0],[1,0],[-1,1],[1,0],[-1,0],[0,1],[0,1],[0,1],[1,0],[-1,0],[0,1],[0,1],[1,0],[0,1],[1,-1],[0,1],[0,-1],[0,1],[1,0],[0,1],[1,0],[1,0],[1,0],[-1,1],[1,0],[1,0],[1,0],[0,1],[1,0],[-1,0],[1,0],[0,1],[1,0],[0,1],[1,0],[0,1],[1,0],[1,0],[0,1],[0,1],[1,0],[1,-1],[1,0],[1,0],[0,1],[1,0],[0,-1],[1,0],[0,1],[0,-1],[1,0],[0,1],[1,0],[0,-1],[0,1],[1,0],[0,1],[-1,0],[0,1],[-1,0],[1,0],[-1,0],[0,1],[-1,0],[-1,0],[0,1],[-1,0],[-1,0],[-1,0],[0,1],[0,-1],[-1,1],[0,-1],[0,1],[0,1],[-1,0],[-1,0],[0,1],[0,1],[0,1],[0,-1],[0,1],[1,-1],[0,1],[1,0],[0,1],[1,0],[-1,0],[0,1],[-1,0],[-1,1],[-1,0],[-1,0],[0,1],[0,1],[1,0],[-1,-1],[1,0],[0,1],[1,0],[0,1],[1,0],[0,1],[1,0],[0,-1],[1,0],[1,0],[1,0],[1,0],[1,0],[-1,1],[-1,0],[0,1],[0,1],[-1,0],[0,-1],[-1,0],[0,1],[1,0],[0,1],[0,1],[-1,0],[0,-1],[0,1],[0,-1],[-1,0],[1,0],[-1,0],[0,1],[-1,0],[-1,0],[0,1],[0,1],[0,1],[-1,0],[1,0],[0,1],[-1,0],[0,-1],[-1,0],[0,1],[1,0],[0,1],[0,1],[-1,0],[0,1],[0,1],[-1,-1],[0,1],[0,-1],[0,1],[1,0]],[[268,357],[0,1],[-1,0],[1,1],[1,0],[1,0],[0,-1],[0,1],[1,0],[0,1],[1,0],[0,-1],[1,0],[1,0],[0,-1],[1,0],[0,-1],[1,0],[1,0],[1,0],[1,0],[1,0],[0,-1],[1,-1],[0,-1],[0,-1],[0,-1],[-1,0],[1,0],[-1,0],[1,0],[-1,0],[1,0],[0,-1],[1,0],[1,0],[1,0],[1,0],[0,-1],[1,0],[0,-1],[1,0],[-1,0],[1,0],[1,0],[-1,0],[0,-1],[1,0],[0,1],[1,0],[1,0],[0,-1],[0,-1],[1,0],[1,0],[0,-1],[1,1],[1,0],[1,0],[0,1],[1,0],[0,1],[0,-1],[1,0],[0,1],[1,-1],[1,0],[0,-1],[0,-1],[0,-1],[1,0],[0,-1],[1,0],[0,-1],[0,1],[1,0],[1,0],[0,1],[1,0],[1,0],[1,0],[0,-1],[1,0],[1,0],[1,0],[1,0],[-1,0],[1,0],[1,0],[0,-1],[1,0],[1,0],[0,-1],[1,0],[1,0],[0,-1],[1,0],[1,0],[0,1],[0,-1],[1,0],[0,1],[0,-1],[1,0],[0,1],[1,0],[0,1],[1,0],[0,1],[1,0],[0,-1],[0,-1],[0,-1],[1,0],[1,0],[1,0],[0,-1],[1,0],[1,0],[0,1],[1,0],[1,0],[1,0],[0,-1],[1,0],[1,0],[0,1],[1,0],[1,0],[0,1],[1,0],[0,-1],[0,1],[1,0],[0,-1],[1,0],[-1,0],[1,0],[0,-1],[1,0],[1,0],[-1,0],[1,0],[0,1],[0,-1],[0,1],[0,1],[1,0]],[[147,417],[-1,-1],[1,0]],[[147,416],[0,-1]],[[147,415],[-1,0],[-1,0],[0,1],[0,1],[1,0],[0,-1],[0,1],[1,0]],[[270,273],[-1,0],[1,0]],[[270,273],[0,-1],[0,-1],[-1,0],[0,-1],[-1,0],[-1,0],[-1,0],[0,-1],[-1,0],[0,-1],[-1,0],[-1,0],[0,-1],[-1,-1],[0,-1],[1,0],[-1,0],[-1,0],[1,0],[0,-1],[0,-1],[1,0],[0,-1],[-1,0],[0,-1],[-1,0],[1,0],[-1,0],[-1,-1],[1,0],[-1,0],[1,0],[0,-1],[-1,0],[0,-1],[1,0],[-1,0],[0,-1],[0,1],[-1,0],[0,-1],[0,-1],[-1,0],[0,-1],[0,-1],[1,0],[0,-1],[-1,0],[-1,0],[0,-1],[0,-1],[0,1],[-1,-1],[0,-1],[0,-1],[-1,0],[-1,0],[-1,0],[-1,0],[0,1],[0,-1],[0,1],[-1,0],[-1,-1],[0,1],[0,-1],[0,1],[-1,0],[0,-1],[-1,1],[-1,-1],[0,1],[0,-1],[-1,0],[0,-1],[0,-1],[-1,0],[0,-1],[-1,0],[0,-1],[0,-1],[-1,0],[-1,0],[0,1],[0,-1],[-1,0],[0,1],[0,-1],[0,-1],[0,-1],[0,-1],[1,0],[0,-1],[-1,0],[0,-1],[0,-1],[1,0],[0,-1],[0,1],[0,-1],[1,0],[-1,-1],[0,-1],[1,0],[0,-1],[-1,0],[0,-1],[0,-1],[0,-1],[0,-1],[1,0],[1,0],[1,0],[0,-1],[1,0],[1,0],[0,-1],[0,-1],[1,0],[-1,0],[0,-1],[-1,0],[-1,-1],[0,1],[0,1],[1,0],[-1,0],[-1,0],[0,1],[-1,0],[-1,0],[0,-1],[-1,0],[0,-1],[0,1],[-1,0],[0,1],[0,1],[-1,0],[-1,0],[0,1],[-1,0],[-1,0],[-1,0],[0,1],[-1,0],[0,-1],[-1,0],[0,-1],[0,-1],[1,-1],[1,0],[0,-1],[1,0],[0,-1],[0,-1],[0,-1],[0,-1],[0,-1],[1,0],[0,-1],[0,-1],[1,0],[0,1],[0,-1],[0,-1],[0,-1],[0,-1],[0,-1],[0,-1],[1,0],[0,-1],[0,-1],[0,-1],[0,-1],[0,1],[0,-1],[-1,0],[0,-1],[0,-1],[-1,0],[0,-1],[-1,0],[-1,0],[0,-1],[-1,0],[-1,0],[0,-1],[1,0],[1,0],[-1,0],[0,-1],[0,1],[0,-1],[-1,0],[0,-1],[-1,0],[0,-1],[-1,0],[0,-1],[-1,0],[-1,0],[0,-1],[1,0],[-1,0],[-1,0],[0,-1],[-1,0],[0,-1],[0,-1],[0,-1],[-1,0],[0,-1],[0,-1],[0,-1],[-1,0],[0,-1]],[[206,207],[-1,1],[1,0],[1,1],[0,1],[-1,0],[0,1],[0,1],[0,1],[1,0],[0,1],[0,1],[1,0],[0,1],[1,1],[0,1],[1,0],[0,1],[1,0],[0,-1],[0,-1],[1,0],[0,1],[1,0],[0,-1],[1,0],[0,1],[1,0],[1,0],[-1,0],[0,1],[0,1],[1,0],[0,1],[-1,0],[0,1],[-1,0],[-1,1],[-1,0],[0,1],[1,0],[-1,0],[0,1],[-1,0],[-1,1],[-1,0],[0,-1],[0,1],[-1,0],[1,0],[0,1],[1,0],[0,1],[-1,0],[-1,0],[1,0],[0,1],[0,-1],[1,0],[0,1],[0,1],[1,1],[-1,0],[0,1],[-1,0],[-1,0],[0,1],[0,1],[1,0],[1,0],[0,1],[1,0],[1,0],[0,1],[-1,0],[0,1],[1,1],[0,1],[0,1],[-1,0],[-1,0],[-1,0],[1,1],[1,0],[0,1],[0,1],[-1,0],[1,0],[0,1],[0,1],[-1,0],[0,1],[-1,0],[0,1],[-1,0],[1,0],[0,1],[0,1],[0,1],[1,0],[1,0],[0,1],[1,0],[0,1]],[[212,252],[1,0],[-1,0]],[[212,252],[0,1]],[[212,253],[1,0],[0,1],[0,1],[1,0],[0,1],[-1,0],[0,1],[1,0],[0,1],[-1,0],[0,1],[1,0],[-1,0],[1,0],[0,1],[1,0],[0,1],[0,1],[1,0],[-1,0],[1,0],[-1,0],[0,1],[1,0],[0,1],[0,1],[1,1],[1,0],[0,-1],[0,1],[1,0],[0,1],[-1,0],[1,0],[0,1],[1,0],[0,1],[0,1],[0,1],[0,1],[1,0],[0,1],[1,0],[0,-1],[1,0],[0,1],[1,0],[1,0],[0,-1],[1,0],[0,1],[1,0],[0,1],[0,-1],[1,0],[0,1],[0,-1],[1,0],[0,1],[0,1],[1,0],[0,1],[1,0],[0,-1],[0,1],[0,1],[1,0],[0,1],[-1,0],[1,0],[-1,0],[0,1],[1,0],[1,1],[1,0],[0,1],[0,1],[0,1],[1,0],[1,0],[0,1],[1,-1],[1,0],[0,1],[0,1],[0,1],[1,0],[0,1],[-1,0],[0,1],[-1,0],[-1,0],[0,1],[-1,0],[0,1],[-1,0],[0,1],[-1,0],[0,-1],[-1,0],[0,1],[-1,0],[-1,0],[-1,0],[0,-1],[0,1],[-1,0],[0,1],[1,0],[0,1],[1,1],[0,1],[-1,0],[0,1],[-1,0],[1,0],[0,1],[-1,0],[1,0],[0,1],[1,0],[0,-1],[0,-1],[1,0],[1,0],[1,0],[1,0],[0,1],[0,-1],[1,0],[1,0],[1,0],[1,0],[1,0],[1,0],[1,0],[0,-1],[0,1],[1,0],[0,-1],[1,0],[0,1],[1,-1],[1,0],[0,1],[-1,0],[1,0],[1,0],[1,0],[0,1],[-1,0],[1,0],[0,1],[1,-1],[0,1],[1,0]],[[249,298],[1,0],[0,-1],[1,0],[1,0],[1,0],[1,0],[1,0],[1,0],[0,1],[0,1],[1,0],[0,1],[1,0],[0,1]],[[258,301],[1,0],[0,-1],[1,0],[1,0],[0,-1],[0,-1],[1,0],[0,-1],[0,-1],[1,0],[1,0],[0,-1],[1,0],[0,-1],[0,-1],[0,-1],[1,0],[1,0],[0,-1],[1,0],[0,1],[1,0],[1,0],[0,-1],[0,-1],[-1,0],[0,-1],[0,-1],[1,0],[1,-1],[-1,0],[1,0],[-1,-1],[0,-1],[0,-1],[0,-1],[1,0],[1,0],[0,-1],[0,-1],[0,1],[1,0],[0,-1],[1,0],[1,0],[1,0],[0,-1],[0,-1],[-1,0],[0,-1],[-1,0],[0,-1],[-1,0],[0,-1],[0,-1],[-1,0],[-1,0],[-1,0],[0,-1],[-1,0],[1,-1]],[[86,232],[-1,0]],[[85,232],[0,-1],[0,-1],[0,1],[-1,0],[-1,0],[-1,0],[0,1],[0,-1],[-1,0],[0,1],[0,1]],[[81,233],[0,1],[-1,0],[1,0],[0,1],[0,-1],[1,0],[0,1],[0,-1],[0,1],[0,-1],[0,1],[1,0],[0,1],[1,0],[0,-1],[1,0],[0,-1],[-1,0],[0,-1],[-1,0],[0,-1],[1,0],[0,1],[1,0],[1,0],[0,-1]],[[45,242],[-1,0],[-1,0],[-1,0]],[[42,242],[0,1],[0,1],[0,1],[1,0],[0,1],[0,1],[0,-1],[1,0],[1,0],[1,0],[0,-1],[-1,0],[0,-1],[-1,0],[1,0],[1,0],[0,-1],[-1,0],[0,-1]],[[45,242],[0,-1],[-1,0],[0,1],[1,0]],[[156,377],[-1,0],[-1,0],[0,-1],[-1,-1],[0,1],[-1,0],[0,1],[-1,0],[-1,1],[0,-1],[-1,0],[-1,0],[0,1],[-1,0],[0,1],[1,0],[1,0],[0,1],[0,1],[0,1],[0,1],[0,-1],[0,1],[1,0],[1,0],[0,1],[0,-1],[1,0],[1,0]],[[153,383],[1,0],[0,-1],[-1,0],[1,0],[0,-1],[1,0],[0,-1],[1,0],[-1,0],[0,-1],[1,0],[-1,0],[0,-1],[1,-1]],[[100,154],[1,0]],[[101,154],[1,0],[1,0],[0,-1],[0,-1],[1,0],[-1,-1],[1,-1],[-1,0],[1,0],[0,-1],[0,-1],[1,0],[-1,0],[0,-1],[0,1],[-1,-1],[1,0],[0,-1],[0,-1],[0,-1],[0,-1],[-1,0],[0,-1],[-1,-1],[0,1],[0,-1],[-1,0],[-1,0]],[[100,141],[-1,0],[1,0]],[[100,141],[0,1],[-1,0],[1,0],[-1,0],[1,0],[-1,0],[1,0],[-1,0],[1,0],[-1,0],[0,1],[-1,0],[0,1],[-1,0],[0,1],[1,0],[0,1],[0,1],[-1,0],[0,1],[0,1],[-1,0],[-1,0],[0,1],[1,0],[1,0],[-1,0],[0,1],[0,-1],[0,1],[0,-1],[0,1],[-1,0],[0,-1],[0,1],[0,1],[-1,0],[0,1],[1,0],[-1,0],[0,1],[0,-1],[0,1],[0,1]],[[94,155],[-1,0],[1,0],[1,0],[1,0],[0,1],[1,0],[1,0],[0,-1],[0,-1],[0,-1],[1,0],[1,0],[0,1]],[[25,272],[0,-1],[-1,0]],[[24,271],[0,1],[-1,0],[1,0],[1,0]],[[30,274],[0,-1],[-1,0]],[[29,273],[0,1],[1,0]],[[38,282],[0,-1],[-1,0],[0,1],[1,0]],[[38,282],[0,1],[1,0],[0,-1],[-1,0]],[[7,287],[0,-1],[-1,0]],[[6,286],[0,1]],[[6,287],[1,0]],[[7,287],[0,1],[0,-1]],[[6,287],[0,1]],[[6,288],[1,0],[-1,0],[1,0],[0,-1]],[[5,289],[-1,0],[-1,0],[1,0],[-1,0],[1,0],[-1,0],[1,0],[0,1]],[[4,290],[0,-1],[0,1]],[[4,290],[1,0]],[[5,290],[0,-1]],[[5,289],[0,-1],[0,1]],[[5,291],[-1,0],[0,-1]],[[4,290],[0,1],[0,1],[1,0]],[[5,292],[0,-1]],[[5,291],[-1,0],[1,0]],[[0,293],[1,0]],[[1,293],[1,0],[-1,0]],[[1,293],[-1,0],[1,0]],[[1,293],[1,0],[0,1]],[[2,294],[0,1]],[[2,295],[1,0]],[[3,295],[1,0]],[[3,295],[0,-1],[0,-1],[0,-1],[-1,0],[-1,0],[1,0],[-1,0],[1,0],[-1,0],[-1,0],[1,0],[-1,0],[1,0],[-1,0],[0,1]],[[1,296],[1,0]],[[2,296],[0,-1]],[[2,294],[-1,0]],[[1,294],[0,1],[0,-1],[0,1],[0,1]],[[5,295],[-1,0]],[[4,295],[0,-1],[0,1]],[[4,295],[0,1]],[[4,296],[1,0]],[[5,296],[0,-1]],[[5,295],[0,-1],[0,1]],[[2,296],[1,0],[0,1]],[[3,297],[1,0]],[[4,297],[0,-1]],[[4,296],[-1,0]],[[3,296],[0,-1]],[[3,296],[-1,0]],[[1,296],[-1,0]],[[0,296],[0,1],[1,0]],[[1,297],[0,-1]],[[2,296],[0,1],[1,0]],[[3,297],[-1,0],[1,0]],[[4,297],[0,1]],[[5,296],[0,1]],[[5,297],[0,1]],[[5,298],[0,-1],[0,1]],[[5,298],[1,0],[0,-1]],[[6,297],[-1,0]],[[5,297],[-1,0]],[[4,298],[0,1]],[[4,299],[1,0],[0,-1]],[[4,298],[-1,0],[0,-1]],[[1,296],[0,-1],[0,-1]],[[1,294],[0,-1]],[[0,293],[0,1],[0,1],[0,1]],[[1,297],[1,0]],[[2,297],[0,1],[1,0],[0,1],[0,-1],[0,1],[1,0]],[[104,283],[0,-1],[1,0],[0,-1],[0,-1],[1,0],[1,0],[0,-1],[0,-1],[-1,0],[0,-1],[0,-1],[-1,0],[0,-1],[-1,0],[-1,0],[0,-1],[-1,0],[0,-1],[-1,0],[0,1],[0,-1],[-1,1],[-1,-1],[1,0],[0,-1],[0,1],[0,-1],[1,0],[-1,0],[1,0],[0,-1],[0,1],[1,0],[1,0],[0,-1],[1,0],[-1,0],[0,-1],[-1,0],[0,1],[0,-1],[-1,0],[0,1],[-1,0],[0,-1],[0,-1],[0,-1],[1,0],[0,-1],[0,-1],[1,0],[0,-1],[-1,0],[-1,-1],[1,0],[0,-1]],[[101,263],[-1,0],[-1,0],[0,-1],[-1,0],[-1,0],[0,-1],[-1,0],[0,-1],[0,-1],[1,0],[0,-1],[-1,0],[-1,0],[0,-1],[1,0],[0,-1],[0,-1],[1,0],[0,1],[1,0],[1,0],[-1,0],[1,0],[1,0],[1,0],[1,0],[0,1],[0,-1],[1,0],[1,0],[0,1],[0,-1],[0,-1],[-1,0],[-1,0],[-1,0],[-1,0],[0,-1],[-1,0],[-1,0],[0,-1],[0,-1],[-1,0],[0,-1],[-1,0],[0,-1],[-1,0],[-1,0],[0,-1],[-1,0],[-1,1],[0,-1],[1,0],[1,0],[1,0],[-1,0],[0,-1],[0,-1],[1,0],[1,0],[1,0],[0,-1],[0,-1],[1,0],[0,-1],[0,-1],[0,-1],[-1,0],[-1,-1],[0,1],[0,-1],[0,-1],[-1,0],[-1,-1],[-1,0],[0,1],[-1,0],[0,1],[-1,0],[-1,0],[0,1],[-1,0],[0,-1],[0,-1],[1,0],[0,-1],[0,-1],[-1,0],[0,-1],[0,-1],[0,1],[0,-1],[-1,0],[1,0],[0,-1],[0,-1],[0,-1],[-1,0],[-1,0],[0,-1],[-1,0]],[[86,232],[-1,0],[1,0]],[[81,233],[-1,0],[-1,0],[1,0],[-1,0],[0,-1],[-1,0],[-1,0]],[[77,232],[0,1],[0,1],[1,0],[0,1],[0,1],[1,0],[0,1],[0,-1],[1,0],[-1,0],[0,1],[0,1],[1,0],[0,1],[0,1],[0,1],[-1,0],[0,1],[1,0],[-1,0],[0,1],[0,1],[-1,0],[0,1],[0,1],[0,-1],[0,1],[-1,0],[0,1],[0,1],[1,0],[-1,0],[0,1],[-1,0],[0,1],[0,-1],[0,-1],[-1,0],[0,1],[0,1],[0,1],[1,0],[-1,0],[0,1],[0,1],[1,0],[-1,0],[0,1],[1,0],[0,1],[1,0],[-1,0],[0,-1],[0,1],[0,1],[1,0],[-1,0],[0,-1],[-1,0],[0,1],[0,1],[0,1],[1,0],[0,-1],[0,1],[1,0],[1,0],[1,0],[-1,0],[-1,0],[0,1],[-1,0],[-1,0],[0,-1],[-1,0],[0,1],[0,-1],[0,1],[0,-1],[0,1],[-1,0],[1,0],[-1,0],[1,0],[-1,0],[1,0],[0,1],[0,1],[0,1],[-1,0],[0,1],[0,1],[0,1],[1,0],[0,1],[0,1],[0,1],[1,0],[1,0],[0,-1],[1,0],[1,0],[0,1],[1,0],[1,0],[0,1],[0,-1],[-1,0],[0,1],[-1,0],[0,-1],[-1,0],[-1,0],[0,1],[-1,0],[-1,0],[0,-1],[0,1],[0,-1],[0,1],[0,-1],[0,1],[0,-1],[-1,0],[0,1],[-1,0],[0,1],[-1,0],[0,-1],[0,1],[1,0],[-1,0],[0,1],[0,-1],[1,0],[-1,0],[0,-1],[1,0],[0,-1],[-1,0],[0,1],[0,-1],[0,-1],[-1,0],[1,0],[0,-1],[-1,0],[0,1],[0,1],[0,-1],[0,-1],[0,-1],[0,-1],[-1,0],[0,-1],[0,1],[0,1],[1,0],[0,1],[-1,0],[1,0],[-1,0],[0,-1],[0,-1],[-1,0],[0,1],[0,-1],[0,1],[0,-1],[0,1],[0,-1],[1,0],[-1,0],[0,-1],[-1,0],[0,1],[0,-1],[1,0],[1,0],[-1,0],[1,0],[0,-1],[0,-1],[0,-1],[0,1],[-1,0],[1,0],[0,-1],[0,-1],[0,-1],[1,0],[0,-1],[-1,0],[0,-1],[0,-1],[-1,0],[0,-1],[0,-1],[-1,0],[0,-1],[-1,0],[1,0],[-1,0],[1,0],[-1,0],[1,0],[-1,0],[0,-1],[1,0],[-1,0],[1,0],[0,-1],[-1,0],[1,0],[-1,0],[-1,0],[0,-1],[0,1],[-1,0],[1,0],[-1,0],[0,-1],[-1,0],[0,-1],[-1,0],[-1,0],[0,-1],[-1,0],[-1,0],[-1,0],[0,-1],[-1,0],[-1,0],[0,-1],[-1,0],[0,-1],[0,1],[0,-1],[0,1],[0,-1],[-1,0],[0,1],[0,-1],[-1,0],[-1,0],[0,-1],[-1,0],[-1,0],[-1,0],[0,-1],[-1,0],[-1,0],[1,0],[-1,0],[-1,0],[-1,0]],[[45,242],[1,0],[-1,0]],[[45,242],[0,1],[0,-1],[0,1],[1,0],[0,1],[-1,0],[-1,0],[1,0],[0,1],[1,0],[0,1],[-1,0],[-1,0],[-1,0],[0,1],[0,-1],[0,-1],[-1,0],[0,-1],[0,-1],[0,-1],[0,1]],[[42,243],[-1,0],[-1,0],[-1,0],[0,1],[-1,0],[0,1],[-1,0],[1,0],[-1,0],[-1,0],[0,1],[-1,0],[0,1],[-1,0],[1,0],[-1,0],[-1,0],[0,1],[-1,0],[0,1],[-1,0],[0,1],[-1,0],[0,1],[-1,0],[0,1],[0,1],[-1,0],[0,1],[-1,0],[0,1],[-1,0],[0,1],[0,1],[0,1],[-1,0],[1,0],[-1,0],[0,-1],[1,0],[-1,0],[0,1],[-1,0],[1,0],[0,-1],[1,0],[0,-1],[-1,0],[0,1],[-1,0],[0,1],[-1,0],[1,0],[-1,0],[0,1],[-1,0],[0,1],[-1,0],[-1,0],[0,1],[-1,0],[0,1],[-1,0],[0,1],[-1,0],[0,1],[-1,0],[0,1],[-1,0],[0,1],[-1,0],[0,1],[-1,0],[0,1],[0,1],[-1,0],[0,1],[1,0],[0,1],[0,1],[1,0],[1,0],[-1,0],[0,-1],[1,0],[1,0],[0,1],[0,-1],[1,0],[-1,0],[1,0],[-1,0],[0,-1],[0,-1],[1,0],[1,0],[-1,0],[1,0],[1,0],[0,1],[1,0],[1,0],[1,0],[0,1],[0,1],[0,-1],[0,1],[0,-1],[1,0],[0,-1],[0,1],[0,-1],[1,0],[-1,0],[1,0],[0,1]],[[24,271],[0,-1],[1,0],[0,1]],[[25,271],[0,1]],[[25,272],[1,0],[1,0],[0,-1],[0,1],[1,0],[-1,0],[1,0],[0,1],[0,-1],[1,0],[0,1]],[[29,273],[1,0],[0,1],[0,-1],[0,1]],[[30,274],[1,0],[1,0],[1,0],[1,0],[0,1],[0,1],[1,0],[0,1],[0,-1],[0,1],[1,0],[0,1],[0,1],[1,0],[0,1],[1,0],[0,1]],[[38,281],[0,1]],[[38,282],[-1,0],[0,-1]],[[37,281],[0,-1],[-1,0],[0,1],[-1,0],[-1,0],[-1,0],[0,1],[0,-1],[-1,0],[1,0],[-1,0],[0,-1],[0,1],[0,-1],[0,1],[1,0],[0,-1],[-1,0],[-1,0],[-1,0],[-1,0],[0,-1],[-1,0],[-1,0],[-1,0],[0,-1],[0,-1],[-1,0],[1,0],[-1,0],[0,1],[0,-1],[-1,0],[0,1],[0,-1],[-1,0],[0,1],[-1,0],[-1,0],[-1,0],[-1,0],[0,1],[0,-1],[0,1],[-1,0],[0,-1],[0,1],[-1,0],[-1,0],[-1,0],[0,1],[-1,0],[0,1],[-1,0],[-1,0],[0,1],[-1,0],[-1,0],[0,1],[-1,0],[0,1],[-1,0],[-1,0],[0,1],[0,-1],[1,0],[-1,0],[0,1],[-1,0],[0,1]],[[6,286],[1,0]],[[7,286],[0,-1],[0,1]],[[7,286],[1,0],[-1,0]],[[7,286],[0,1]],[[7,287],[1,0],[1,0],[-1,0],[1,0],[-1,0],[-1,0]],[[6,288],[0,1],[-1,0]],[[5,289],[1,0],[-1,0]],[[5,289],[0,1],[0,-1],[0,1],[0,-1],[0,1],[0,-1],[0,1]],[[5,290],[0,1]],[[5,292],[0,1],[1,0],[-1,0],[1,0],[0,1],[1,0],[0,1],[1,0],[0,1],[1,0],[0,1],[0,-1],[-1,0],[-1,0],[-1,0],[0,-1],[-1,0]],[[5,296],[0,-1],[0,1]],[[5,296],[1,0],[0,1]],[[6,297],[1,0],[1,0],[0,1],[0,-1],[-1,0],[0,1],[-1,0]],[[6,298],[-1,0]],[[6,298],[2,0],[1,0],[0,1],[0,2],[0,1],[0,1],[0,1],[1,0],[1,0],[0,-1],[0,-1],[1,0],[0,1],[0,1],[1,0],[0,-1],[1,0],[1,0],[0,1],[0,-1],[1,0],[1,0],[1,0],[0,1],[1,0],[1,-1],[0,1],[1,0],[0,-1],[1,0],[1,0],[0,1],[1,0],[0,-1],[1,0],[0,-1],[1,0],[1,0],[1,0],[1,0],[1,0],[1,0],[1,1],[0,1],[1,0],[1,0],[1,0],[0,1],[1,0],[1,0],[1,1],[1,0],[1,0],[1,0],[0,-1],[-1,0],[0,-1],[0,-1],[1,0],[1,0],[1,0],[1,0],[1,0],[1,0],[0,1],[0,1],[1,0],[1,0],[1,0],[0,1],[1,0],[-1,0],[-1,0],[0,1],[0,1],[0,1],[0,1],[1,0],[0,1]],[[49,311],[1,-1],[1,0],[1,0],[0,-1],[1,0],[0,1],[1,0],[1,0],[1,0],[0,1],[1,0],[0,-1],[0,1],[1,-1],[1,0],[1,0],[1,0],[1,0],[0,-1],[0,1],[0,1],[1,0],[0,-1],[1,0],[1,1],[1,0],[0,-1],[1,0],[1,-1],[0,1],[0,-1],[0,1],[1,0],[1,0],[0,-1],[0,1],[1,0],[0,-1],[-1,0],[-1,0],[0,-1],[0,1],[1,0],[0,-1],[0,1],[0,-1],[1,0],[1,0],[0,-1],[0,-1],[1,0],[0,1],[1,1],[0,-1],[1,0],[1,0],[1,0],[-1,0],[0,-1],[1,0],[0,-1],[1,0],[1,0],[1,0],[1,0],[1,0],[-1,0],[0,1],[1,0],[-1,0],[0,1],[1,0],[1,0],[1,0],[0,-1],[-1,0],[1,0],[0,-1],[1,0],[1,0],[-1,0],[0,-1],[-1,0],[0,-1],[-1,0],[1,0],[-1,0],[0,-1],[1,0],[0,-1],[1,0],[1,0],[-1,-1],[0,-1],[1,0],[1,0],[0,1],[0,1],[1,0],[0,-1],[1,0],[0,-1],[0,-1],[0,-1],[-1,0],[0,-1],[0,-1],[1,0],[0,-1],[1,0],[0,-1],[0,-1],[1,0],[0,1],[1,0],[1,-1],[0,-1],[0,-1],[-1,-1],[1,0],[1,0],[1,0],[1,0],[0,-1],[1,0],[0,-1],[1,0],[0,1],[1,-1],[1,0],[1,0],[0,-1],[0,-1],[0,-1],[1,0],[0,1],[1,0],[0,-1],[1,0],[0,-1]],[[160,410],[0,-1],[0,-1],[-1,0],[0,-1],[-1,0],[0,-1],[-1,0],[0,-1],[-1,0],[0,-1],[-1,0],[0,-1],[-1,0],[0,-1],[-1,0],[0,-1],[0,-1],[0,-1],[-1,0],[0,-1],[0,-1],[0,-1],[-1,0],[1,0],[0,-1],[-1,0],[1,0],[0,-1],[0,-1],[0,-1],[1,0],[0,-1],[-1,0],[0,-1],[0,-1],[0,-1],[0,-1],[1,0],[0,-1],[1,0],[0,-1],[-1,0],[0,-1],[1,0],[-1,0],[0,-1]],[[156,377],[1,-1],[1,0],[0,-1],[0,-1],[0,-1],[1,0],[0,-1],[-1,0],[1,0],[0,-1],[-1,0],[0,-1],[0,-1],[1,0],[0,-1],[0,-1],[-1,0],[0,-1],[-1,0],[-1,0],[0,-1],[-1,0]],[[155,365],[-1,0],[-1,0],[-1,0],[0,-1],[0,1],[-1,0],[-1,0],[0,-1],[1,0],[-1,0],[0,-1],[-1,0],[0,-1],[0,1],[0,-1],[-1,0],[0,1],[1,0],[-1,0],[0,1],[0,1],[1,0],[0,1],[0,1],[0,1],[0,1],[0,1],[0,1],[-1,0],[0,1],[-1,0],[-1,0],[0,-1],[-1,0],[0,-1],[-1,0],[0,-1],[0,-1],[-1,0],[-1,0],[0,1],[-1,0],[0,1],[0,1],[-1,0],[-1,0],[-1,0],[1,0],[0,-1],[-1,0],[1,0],[0,-1],[-1,0],[-1,0],[0,1],[0,-1],[-1,0],[1,0],[-1,0],[0,-1],[0,-1],[0,-1],[1,0],[0,-1],[-1,0],[-1,0],[0,1],[-1,0],[-1,0],[-1,0],[0,1],[1,0],[-1,0],[0,1],[1,0],[-1,0],[1,0],[0,1],[-1,0],[1,0],[1,1],[-1,0],[0,-1],[-1,0],[1,1],[-1,0],[1,0],[0,1],[1,0],[0,1],[-1,0],[0,1],[0,1],[-1,0],[0,1],[-1,0],[-1,0],[-1,0],[0,1],[-1,0],[0,1],[-1,0],[0,1],[-1,0],[0,1],[-1,0],[0,1],[0,1],[0,1],[-1,0],[1,0],[0,1],[-1,0],[0,1],[0,1],[1,0],[0,1],[-1,0],[-1,0],[0,1],[-1,0],[0,1],[1,0],[-1,0],[0,1],[1,0],[-1,0],[0,1],[1,0],[-1,0],[-1,0],[0,1],[0,-1],[-1,0],[-1,0],[-1,0],[-1,0],[0,1],[-1,0],[0,-1],[-1,1],[0,1],[-1,0],[0,1],[-1,0],[-1,-1],[-1,0],[-1,0],[0,-1],[-1,0],[0,1],[-1,1],[0,1],[1,0],[0,1],[-1,0],[0,1],[1,0],[0,1],[0,1],[0,1],[-1,0],[-1,0],[0,1],[1,0],[0,1],[-1,0],[1,1]],[[108,402],[1,0],[0,-1],[1,0],[0,1],[1,0],[0,1],[0,-1],[1,1],[1,0],[0,-1],[1,0],[1,0],[0,-1],[1,0],[1,0],[0,1],[0,-1],[1,0],[-1,0],[0,-1],[1,0],[-1,0],[1,0],[0,-1],[1,0],[-1,0],[0,1],[1,0],[0,-1],[1,0],[0,-1],[-1,0],[0,-1],[0,-1],[1,0],[-1,0],[1,0],[0,-1],[1,0],[0,1],[0,1],[1,0],[0,1],[1,1],[0,1],[1,-1],[1,0],[1,0],[1,0],[1,0],[0,1],[1,0],[1,0],[0,-1],[1,0],[0,-1],[1,0],[1,0],[0,1],[1,0],[0,1],[1,0],[0,-1],[0,1],[1,0],[1,0],[-1,0],[1,0],[0,1],[-1,0],[0,1],[0,1],[1,0],[0,1],[-1,0],[1,0],[0,1],[-1,0],[1,0],[-1,0],[0,1],[1,0],[0,-1],[1,0],[1,0],[0,1],[-1,0],[1,0],[0,-1],[1,0],[-1,1],[1,0],[-1,0],[1,0],[0,1],[0,-1],[0,-1],[1,0],[-1,0],[1,0],[0,-1],[1,0],[0,1],[1,0],[0,-1],[0,1],[1,0],[0,1],[0,1],[-1,0],[-1,0],[0,1],[1,0],[1,0],[0,1],[1,0],[1,0],[-1,0],[0,1],[1,0],[0,1],[0,-1],[1,0],[0,1],[0,-1],[1,0],[0,-1],[1,1],[-1,0],[0,1],[0,1],[0,-1],[0,1],[1,0],[-1,0],[0,1],[0,1],[0,1],[-1,0]],[[147,415],[0,-1],[0,1]],[[147,415],[0,1],[0,1]],[[147,417],[0,1]],[[147,418],[-1,0],[0,1]],[[146,419],[1,0],[0,-1]],[[147,418],[1,0],[0,1],[0,-1],[1,0],[0,-1],[1,0],[0,-1],[1,0],[1,0],[0,-1],[1,0],[0,-1],[0,-1],[-1,0],[0,-1],[1,0],[0,-1],[1,0],[1,0],[1,0],[1,0],[0,-1],[0,1],[1,0],[0,-1],[-1,0],[1,0],[0,1],[1,0],[0,-1],[1,0]],[[183,425],[0,-1],[1,0],[0,-1],[0,-1],[-1,0],[-1,0],[0,1],[-1,0],[0,1],[-1,0],[-1,0],[-1,0],[-1,0],[-1,0],[-1,0],[0,1],[-1,0],[-1,0],[-1,0],[-1,0],[0,-1],[0,1],[0,-1],[-1,0],[-1,0],[-1,0],[0,-1],[-1,0],[-1,0],[-1,0],[0,-1],[-1,0],[0,-1],[0,-1],[-1,0],[-1,-1],[1,0],[1,0],[-1,0],[0,-1],[-1,0],[1,0],[0,-1],[-1,0],[0,-1],[1,-1],[-1,0],[1,0],[0,-1],[0,-1],[0,1],[-1,0],[0,-1],[1,0],[1,0],[0,-1],[-1,0],[0,-1],[-1,0],[-1,0],[-1,0],[0,-1]],[[146,419],[-1,0],[0,1],[-1,0],[-1,0],[0,1],[0,1],[1,0],[-1,0],[0,1],[0,1],[1,0],[-1,0],[0,1],[-1,0],[-1,0],[0,1],[0,-1],[-1,0],[1,1],[-1,0],[0,1],[-1,0],[1,0],[-1,0],[0,1],[0,-1],[-1,0],[1,0],[0,-1],[-1,0],[-1,0],[-1,0],[-1,0],[0,1],[1,0],[0,1],[-1,0],[0,1],[-1,0],[0,1],[0,1],[-1,0],[0,1],[-1,0],[1,1],[-1,0],[0,1],[0,1],[0,1],[-1,0],[0,1],[-1,0],[-1,1],[-1,0],[0,1],[-1,0],[-1,0],[1,1],[0,1],[-1,0],[0,1],[1,0],[1,0],[1,1],[0,1],[1,0],[1,1],[1,0],[-1,1],[-1,0]],[[130,446],[0,1]],[[130,447],[1,0],[0,1]],[[131,448],[1,1],[-1,0],[0,1],[0,1],[0,1],[-1,0],[0,1],[-1,0],[1,1],[-1,0],[1,0],[1,0],[0,-1],[1,0],[1,0],[0,1],[1,0],[0,1],[1,0],[-1,0],[1,0],[1,1],[1,0],[0,1],[1,0],[1,1],[1,0],[1,0],[1,0],[0,1],[1,0],[0,-1],[1,0],[1,0],[1,1],[0,1],[0,-1],[1,0],[0,-1],[0,-1],[1,0],[0,-1],[1,0],[0,-1],[1,0],[1,0],[1,0],[0,-1],[1,0],[-1,0],[1,0],[-1,0],[1,0],[0,-1],[1,0],[1,0],[0,-1],[1,0],[0,1],[1,0],[1,0],[1,0],[0,1],[1,0],[1,0],[0,1],[1,0],[0,-1],[0,1],[0,-1],[1,0],[0,-1],[0,-1],[1,0],[1,0],[0,-1],[1,0],[0,-1],[-1,0],[1,0],[0,-1],[0,-1],[1,0],[1,0],[0,1],[1,0],[1,0],[0,1],[0,-1],[1,0],[0,1],[1,0],[0,1],[1,0],[0,-1],[0,-1],[1,0],[-1,-1],[-1,0],[0,-1],[0,-1],[1,1],[1,0]],[[174,447],[1,-1],[-1,0],[1,0],[0,-1],[1,0],[-1,-1],[0,-1],[0,-1],[1,0],[1,0],[0,-1],[0,-1],[1,0],[0,-1],[1,0],[0,-1],[1,0],[0,-1],[0,-1],[-1,0],[1,0],[-1,0],[0,-1],[0,-1],[0,-1],[1,-1],[1,0],[0,-1],[0,-1],[-1,0],[-1,0],[0,-1],[1,0],[0,-1],[1,0],[-1,0],[0,-1],[1,0],[0,-1],[1,0],[0,-1],[1,0]],[[131,448],[-1,-1],[0,-1]],[[130,446],[-1,0],[-1,0],[0,-1],[-1,0],[0,-1],[-1,0],[-1,0],[0,-1],[-1,0],[0,1],[0,-1],[-1,0],[-1,0],[0,1],[-1,0]],[[121,444],[-1,0],[0,1],[-1,0],[-1,0],[0,1],[-1,0],[-1,0],[-1,-1],[0,1],[-1,0],[-1,0],[-1,0],[-1,0],[-1,0],[0,1],[0,1],[0,1],[0,1],[0,1],[0,1],[1,0],[-1,0],[0,-1],[-1,0],[-1,0],[-1,0],[0,1],[-1,0],[0,1],[-1,0],[-1,1],[1,0],[0,1],[0,1],[-1,0],[-1,0],[-1,0],[0,1],[-1,0],[0,1],[-1,0],[-1,0],[0,1],[0,1],[1,0],[1,0],[1,1],[0,1],[0,1],[0,1],[-1,0],[0,1],[-1,0],[-1,0],[0,1],[-1,1],[0,1],[1,0],[0,1],[1,0],[1,0],[1,1],[1,0],[0,1],[0,1],[0,1],[-1,0],[-1,0],[-1,0],[-1,0],[-2,0],[0,1],[0,1],[1,0],[0,1],[0,1],[0,1],[-1,0],[0,1],[-1,-1],[-1,1],[0,1],[1,1],[1,0],[0,1],[1,0],[0,1],[0,1],[0,1],[1,0],[0,-1],[1,0],[1,0],[0,1],[1,0],[1,0],[0,1],[1,0],[1,0],[2,0],[1,0],[1,0],[0,-1],[1,0],[1,-1],[1,0],[1,0],[1,0],[1,0],[1,0],[1,0],[1,0],[1,0],[1,0],[0,-1],[1,0],[1,-1],[1,0],[1,0],[1,0],[1,0],[1,0],[1,-1],[1,0],[0,1],[1,0],[1,1],[1,0],[1,0],[0,1],[1,0],[1,0],[1,0],[1,0],[1,0],[0,1],[1,0],[1,0],[0,1],[1,0],[1,0],[1,0],[1,0],[1,0],[0,1],[1,0],[0,1],[0,1],[1,0],[1,0],[1,0],[1,0],[0,1],[0,1],[1,-1],[1,0],[1,1],[2,1],[1,1],[1,0],[0,1],[1,0],[1,1],[1,0],[1,1],[2,1],[0,1],[1,0],[0,1],[0,-1],[1,0],[0,-1],[1,0],[0,1],[1,0],[1,0],[1,0],[-1,0],[0,-1],[-1,0],[0,-1],[0,-1],[0,-1],[1,0],[0,-1],[1,-1],[0,-1],[-1,0],[1,0],[0,-1],[0,-1],[1,-1],[0,-1],[1,-1],[0,-1],[1,-1],[1,0],[1,0],[0,-1],[1,0],[1,0],[1,0],[1,-1],[1,-1],[1,0],[0,-1],[1,0],[0,-1],[1,0],[1,0],[0,-1],[1,0],[0,-1],[-1,-1],[-1,-1],[-1,0],[-1,-1],[-1,0],[0,-1],[1,0],[0,-1],[-1,0],[0,-1],[0,-1],[1,0],[0,-1],[0,-1],[0,-1],[-1,0],[0,-1],[1,0],[0,-1],[0,-1],[1,0],[0,-1],[1,0],[0,-1],[1,0],[1,-1],[1,0],[0,-1],[0,-1],[1,0],[1,0],[0,-1],[1,0],[1,0],[1,0],[1,0],[0,-1],[-1,-1],[0,-1],[0,-1],[1,0],[0,-1],[1,0],[0,-1],[0,-1],[1,0],[0,-1],[1,0],[0,-1],[0,-1],[-1,0],[-1,0],[-1,0],[0,-1],[-1,0],[0,-1],[-1,0],[0,1],[-1,0],[-1,-1],[-1,0],[0,-1],[0,-1],[-1,0],[-1,0],[-1,0],[-1,0],[0,1],[-1,0],[0,1],[-1,0],[0,1],[0,1],[0,1],[0,1],[-1,0],[-1,-1],[0,-1],[-1,0],[-1,0],[-1,0],[-1,-1]],[[334,320],[0,-1],[0,-1],[0,-1],[1,0],[1,0],[0,-1],[1,0],[0,-1],[0,-1],[-1,0],[0,-1],[-1,0],[1,0],[-1,-1],[0,1],[0,-1],[1,0],[0,-1],[0,-1],[0,-1],[0,1],[0,-1],[-1,0],[0,-1],[0,1],[0,-1],[0,1],[-1,0],[0,-1],[0,-1],[0,1],[1,0],[0,-1],[-1,0],[0,-1],[1,0],[-1,0],[0,-1],[0,-1],[-1,0],[0,-1],[-1,0],[0,-1],[1,0],[-1,-1],[0,1],[-1,0],[-1,0],[1,0],[0,-1],[-1,0],[0,-1],[1,0],[-1,0],[0,1],[-1,0],[0,-1],[0,-1],[-1,0],[1,0],[-1,0],[0,-1],[0,1],[-1,0],[-1,0],[-1,0],[0,1],[0,-1],[0,-1],[1,0],[0,-1],[-1,0],[0,-1],[-1,0],[1,0],[-1,0],[-1,1],[0,-1],[0,1],[0,-1],[1,0],[-1,-1],[-1,0],[0,1],[0,-1],[0,1],[-1,0],[-1,0],[0,1],[0,-1],[-1,0],[0,1],[0,-1],[-1,0],[-1,0],[0,-1],[1,0],[0,-1],[-1,0],[0,-1],[-1,0],[0,1],[-1,0],[0,-1],[-1,0],[-1,0],[0,-1],[-1,0],[0,1],[0,-1],[-1,0],[-1,0],[0,-1],[0,-1],[-1,0],[0,-1],[-1,0],[-1,0],[1,0],[0,1],[-1,0],[0,-1],[0,1],[-1,0],[0,1],[-1,0],[0,1],[-1,0],[0,-1],[0,-1],[-1,0],[0,-1],[-1,1],[-1,0],[0,-1],[1,0],[0,-1],[-1,0],[0,-1],[1,0],[-1,0],[0,-1],[0,-1],[1,0],[0,-1],[1,0],[1,0],[0,-1],[1,0],[1,0],[0,-1],[1,0],[0,-1],[1,0],[0,1],[1,0],[0,-1],[1,0],[1,0],[1,0],[1,0],[-1,0],[0,-1],[0,1],[0,-1],[0,1],[-1,-1],[1,0],[-1,-1],[0,-1],[0,-1],[1,0],[0,-1],[0,1],[1,0],[0,-1],[1,0],[0,-1],[1,-1],[1,0],[1,0],[0,-1],[0,-1],[-1,0],[1,0],[0,-1],[1,0],[0,-1],[0,-1],[1,0],[-1,0],[0,-1],[0,1],[-1,0],[0,-1],[0,1],[0,-1],[-1,0]],[[316,268],[-1,0],[0,1],[-1,0],[-1,0],[0,1],[-1,0],[-1,0],[0,-1],[0,1],[-1,0],[-1,0],[0,1],[0,1],[-1,0],[-1,0],[-1,0],[0,1],[-1,0],[0,1],[-1,0],[0,-1],[-1,0],[0,-1],[0,-1],[1,0],[0,1],[0,-1],[0,-1],[-1,0],[1,0],[0,-1],[-1,0],[0,-1],[1,0],[0,-1],[0,-1],[-1,0],[0,-1],[0,-1],[-1,0],[-1,0],[-1,0],[-1,0],[1,0],[0,1],[1,0],[0,1],[-1,0],[-1,0],[0,-1],[-1,0],[0,1],[-1,0],[0,-1],[0,1],[0,-1],[-1,1],[-1,0],[-1,0],[0,1],[-1,0],[0,-1],[-1,0],[-1,0],[0,-1],[0,-1],[-1,0],[0,1],[-1,0],[-1,0],[0,1],[-1,0],[-1,-1],[0,1],[1,0],[0,1],[1,1],[0,1],[1,0],[-1,0],[0,1],[0,1],[0,1],[-1,0],[-1,0],[-1,0],[0,-1],[0,1],[-1,0],[-1,0],[-1,0],[0,-1],[-1,0],[-1,1],[-1,-1],[-1,0],[-1,0],[0,-1],[-1,0],[-1,0],[-1,0],[0,1],[-1,0],[-1,0],[0,1],[-1,0],[0,1],[-1,0]],[[258,301],[1,1],[0,1],[0,1],[0,1],[1,0],[0,1],[-1,0],[0,1],[0,1],[1,0],[1,0]],[[159,200],[1,0]],[[171,104],[-1,0],[-1,0],[0,1],[-1,0],[-1,0],[0,-1],[0,1],[-1,0],[-1,0],[1,0],[0,1],[-1,0],[0,-1],[-1,0],[-1,0],[1,0],[-1,-1],[1,0],[-1,0],[0,-1],[0,-1],[0,1],[-1,0],[0,-1],[-1,0],[-1,0],[0,-1],[0,-1],[0,-1],[1,0],[0,-1],[-1,0],[0,-1],[0,-1],[-1,0],[0,-1],[-1,0],[0,-1],[1,0],[1,0],[1,0],[1,0],[0,-1],[1,0],[0,-1],[-1,0],[0,-1],[0,-1],[-1,0],[0,-1],[0,1],[0,-1],[-1,0],[-1,0],[-1,0],[0,-1],[0,1],[0,-1],[0,-1],[-1,0],[0,-1],[-1,1],[0,-1],[-1,1],[-1,0],[-1,0],[-1,0],[0,-1],[-1,0],[0,1],[-1,-1],[0,1],[1,0],[-1,0],[-1,0],[0,-1],[0,1],[-1,0],[0,-1],[-1,-1],[1,0],[-1,0],[0,-1],[0,-1],[0,1],[-1,0],[-1,0],[-1,0],[-1,0],[-1,0],[0,1],[-1,0],[-1,0]],[[140,85],[0,1],[-1,0],[-1,0],[0,1],[-1,0],[-1,0],[0,1],[-1,0],[0,1],[0,1],[-1,0],[0,-1],[-1,0],[-1,0],[-1,0],[0,1],[-1,0],[0,1],[-1,0],[1,1],[-1,0],[-1,0],[-1,0],[0,1],[-1,0],[-1,0],[0,1],[0,1],[-1,0],[0,1],[-1,0],[0,1],[-1,0],[0,1],[1,0],[0,1],[-1,0],[0,-1],[0,1],[-1,0],[0,1],[-1,0],[1,0],[0,1],[0,-1],[0,1],[-1,0],[0,-1],[-1,1],[-1,0],[0,1],[1,0],[-1,0],[0,1],[-1,0],[0,-1],[0,1],[0,-1],[0,1],[-1,0],[0,1],[-1,0],[-1,0]],[[114,104],[-1,0],[0,1],[0,1],[0,1],[-1,0],[0,1],[0,1],[0,1],[0,-1],[0,1],[0,1],[-1,0],[0,1],[0,1],[0,1],[0,-1],[0,1],[0,1],[0,1],[-1,0],[0,1],[0,1],[0,1],[0,1],[0,1],[-1,0],[0,1],[0,1],[1,0],[-1,0],[0,1],[-1,0],[0,1],[-1,0],[0,1],[1,0],[-1,0],[0,1],[0,1],[0,1],[-1,0],[1,0],[-1,0],[0,1],[0,1],[0,1],[-1,0],[0,1],[0,1],[0,1],[0,-1],[0,1],[0,-1],[0,1],[-1,0],[1,0],[0,-1],[-1,0],[0,1],[0,1],[-1,0],[1,0],[0,1],[-1,0],[1,0],[-1,0],[1,0],[-1,0],[1,0],[-1,0],[0,1],[-1,0],[0,1],[0,-1],[-1,0],[0,1],[-1,0],[1,0],[-1,0],[1,0],[0,1],[0,1]],[[101,141],[-1,0],[1,0],[1,0],[0,1],[0,-1],[1,1],[0,1],[1,0],[0,1],[0,1],[0,1],[0,1],[-1,0],[1,1],[0,-1],[0,1],[1,0],[-1,0],[0,1],[0,1],[-1,0],[1,0],[-1,1],[1,1],[-1,0],[0,1],[0,1],[-1,0],[-1,0]],[[101,154],[-1,0],[1,0]],[[101,154],[0,1],[1,1],[1,0],[0,-1],[0,1],[1,0],[0,-1],[0,1],[1,0],[0,1],[0,1],[0,-1],[1,0],[0,1],[-1,0],[1,0],[0,1],[0,1],[1,0],[0,1],[-1,0],[-1,0],[1,0],[0,1],[1,0],[0,-1],[0,1],[0,1],[1,0],[-1,0],[1,0],[-1,1],[-1,0],[0,1],[-1,0],[-1,0],[1,0],[-1,0],[1,0],[0,1],[-1,0],[0,1],[1,0],[0,-1],[0,1],[0,1],[-1,0],[0,1],[0,-1],[-1,0],[0,1],[1,0],[-1,0],[1,0],[0,1],[1,0],[0,-1],[0,1],[0,-1],[1,0],[0,1],[1,0],[0,1],[1,0],[0,-1],[1,0],[1,0],[0,1],[0,-1],[0,1],[1,-1],[0,1],[-1,0],[0,1],[1,0],[-1,0],[1,0],[1,1],[1,0],[1,0],[1,0],[-1,1],[0,1],[1,0],[0,1],[1,0],[1,0],[1,0],[0,-1],[1,0],[1,0],[1,0],[0,1],[0,1],[1,0],[1,0],[1,0],[0,-1],[1,0],[0,1],[1,0],[1,0],[0,-1],[0,1],[0,1],[0,1],[0,1],[0,1],[0,1],[-1,0],[0,1],[0,1],[0,1],[1,0],[0,1],[0,-1],[1,0],[0,-1],[0,1],[1,0],[0,-1],[1,0],[0,1],[0,-1],[1,0],[0,1],[0,-1],[0,-1],[1,0],[1,0],[1,0],[1,0],[-1,0],[0,1],[1,0],[0,-1],[1,0],[0,1],[1,0],[1,0],[0,-1],[1,0],[1,0],[0,1],[-1,0],[0,1],[0,1],[0,1],[0,1],[1,0],[0,1],[0,-1],[0,1],[1,0],[0,1],[1,0],[0,1],[1,0],[0,-1],[0,1],[1,0],[0,-1],[0,-1],[1,0],[0,1],[0,1],[1,0],[0,1],[-1,0],[1,1],[1,-1],[0,1],[1,0],[1,0],[0,1],[-1,0],[1,0],[0,1],[0,1],[0,1],[0,1],[1,0],[1,0],[0,-1],[1,0],[0,1],[1,0],[0,1],[-1,0],[1,0],[0,1],[0,-1],[0,1],[1,0],[0,1],[0,1],[1,0],[0,1],[1,0],[0,-1],[1,0],[0,-1],[-1,0],[0,-1],[1,0],[1,0],[0,-1],[1,1]],[[118,93],[0,1],[0,-1],[1,0],[0,-1]],[[119,92],[-1,0],[0,1]],[[140,85],[0,-1],[-1,0],[0,-1],[-1,0],[-1,0],[0,-1],[0,-1],[1,0],[1,0],[1,0],[0,-1],[1,0],[1,-1],[0,-1],[-1,0],[0,-1],[-1,0],[1,-1],[0,1],[1,0],[0,-1],[0,1],[1,0],[1,-1],[0,1],[1,0],[0,-1],[0,-1],[0,1],[0,-1],[1,0],[-1,0],[1,0],[0,-1],[-1,0],[1,0],[-1,0],[0,-1],[-1,0],[0,-1],[1,0],[0,-1],[1,0],[1,0],[0,-1],[1,0],[0,-1],[0,-1],[-1,0],[1,-1],[-1,0],[0,-1],[0,-1],[0,-1],[0,-1],[0,-1],[0,-1],[1,0],[0,-1],[1,0],[0,-1],[1,1],[1,0],[0,1],[1,0],[1,1],[1,0],[0,-1],[0,-1],[1,0],[0,-1],[-1,0],[0,-1],[-1,0],[0,-1],[1,0],[0,-1],[0,-1],[0,-1],[-1,0],[1,-1],[0,-1],[0,-1],[-1,0],[1,0],[-1,0],[0,-1],[0,-1],[1,0],[0,-1],[1,0],[0,1],[0,-1],[1,0],[0,1],[0,-1],[0,-1],[1,0],[-1,-1],[-1,0],[0,-1],[1,0],[-1,0],[0,-1],[0,-1],[-1,0],[0,-1],[1,0],[-1,0],[0,-1],[0,-1],[-1,0],[0,-1],[-1,0],[0,-1],[1,0],[0,-1],[1,0],[-1,0],[1,0],[0,-1],[0,-1],[-1,-1],[0,-1],[0,-1],[1,0],[0,-1],[0,-1],[-1,0],[0,-1],[1,0],[-1,0],[0,-1],[-1,0],[0,-1],[1,0],[-1,0],[0,-1]],[[152,26],[-1,0],[0,1],[-1,0],[0,1],[-1,0],[1,0],[-1,0],[0,1],[-1,0],[0,1],[0,1],[-1,0],[0,1],[-1,0],[0,1],[-1,0],[0,1],[0,1],[-1,0],[0,1],[0,-1],[0,1],[-1,0],[-1,0],[0,1],[0,1],[0,1],[-1,0],[0,1],[0,1],[0,1],[-1,0],[0,1],[0,-1],[1,0],[0,-1],[-1,0],[0,1],[0,1],[0,1],[-1,0],[0,1],[0,1],[-1,0],[0,1],[0,1],[0,1],[0,1],[0,1],[0,1],[0,1],[-1,0],[0,1],[0,1],[1,0],[0,-1],[-1,0],[1,0],[-1,0],[1,0],[0,-1],[0,1],[0,-1],[0,-1],[1,0],[0,-1],[0,1],[0,1],[-1,0],[0,1],[1,0],[0,-1],[0,-1],[0,-1],[0,-1],[1,0],[-1,0],[0,-1],[0,-1],[0,-1],[0,1],[1,0],[0,-1],[0,1],[0,-1],[0,1],[1,0],[0,-1],[0,1],[-1,0],[0,1],[0,1],[0,1],[-1,0],[1,0],[0,1],[-1,0],[0,1],[1,0],[-1,0],[1,0],[-1,0],[1,0],[-1,0],[0,1],[-1,0],[1,0],[-1,0],[0,1],[0,1],[-1,0],[0,1],[0,-1],[0,1],[0,1],[0,-1],[0,1],[0,-1],[0,1],[0,-1],[0,1],[0,-1],[0,1],[-1,0],[1,0],[-1,0],[1,0],[-1,0],[1,0],[0,-1],[0,1],[-1,0],[0,-1],[1,0],[-1,0],[1,0],[0,-1],[0,-1],[0,1],[-1,0],[0,1],[0,1],[0,1],[0,-1],[0,1],[-1,0],[1,0],[0,1],[-1,0],[0,1],[0,1],[0,1],[-1,0],[0,1],[0,1],[-1,0],[1,0],[0,1],[0,-1],[-1,0],[1,0],[-1,0],[1,0],[-1,0],[0,1],[0,1],[-1,0],[0,1],[0,1],[-1,0],[0,1],[0,1],[0,1],[0,1],[-1,0],[0,1],[1,0],[0,-1],[0,1],[-1,0],[0,1],[0,1],[0,-1],[1,0],[-1,0],[0,1],[0,-1],[0,1],[-1,0],[0,1],[0,1],[0,1],[-1,0],[0,1],[0,1],[-1,0],[-1,0],[0,1],[0,1],[0,1],[-1,0],[0,1],[0,1],[-1,0],[1,0],[-1,0],[0,1],[0,-1],[0,1],[0,-1],[0,1],[0,-1],[0,1],[-1,0],[0,1],[-1,0],[0,1],[-1,0],[0,1]],[[121,90],[0,-1],[1,0],[0,1],[0,-1],[1,0],[-1,0],[1,0],[-1,0],[0,1],[0,-1],[0,1],[-1,0]],[[121,90],[0,1],[-1,0],[1,0],[0,-1],[0,1],[-1,0],[1,0]],[[121,91],[1,0],[-1,0]],[[121,91],[0,1],[1,0],[0,1],[1,0],[-1,0],[-1,0],[0,-1],[-1,0],[0,-1]],[[120,91],[-1,0],[0,1]],[[119,92],[1,0]],[[119,92],[0,1],[0,-1],[0,1],[-1,0],[0,1]],[[118,94],[0,1],[-1,0],[0,1],[0,1],[0,-1],[0,1],[-1,0],[0,1],[0,1],[-1,0],[0,1],[0,1],[-1,0],[0,1],[0,1],[0,1]],[[76,66],[0,-1],[-1,0],[0,1],[1,0]],[[212,252],[-1,0],[0,1],[-1,0],[0,1],[-1,0],[0,-1],[-1,0],[0,1],[0,1],[0,1],[-1,0],[0,1],[-1,0],[0,1],[-1,0],[-1,0],[0,-1],[-1,0],[-1,0],[0,-1],[-1,0],[-1,0],[-1,0],[-1,0],[0,1],[-1,0],[-1,0],[-1,0],[0,-1],[-1,0],[-1,0],[0,1],[0,1],[-1,0],[0,1],[-1,0],[0,-1],[0,1],[-1,0],[-1,0],[-1,0],[0,-1],[-1,0],[-1,0],[0,-1],[-1,0],[-1,0],[0,1],[0,-1],[0,1],[-1,-1],[-1,-1],[1,0],[0,-1],[-1,0],[-1,0],[-1,0],[-1,0],[-1,0],[-1,0],[0,1],[-1,0],[-1,0],[0,-1],[0,1],[-1,-1],[0,1],[0,1],[0,1],[-1,-1],[-1,0],[-1,0],[1,0],[-1,0],[0,-1],[-1,0],[0,-1],[-1,0],[-1,0],[0,-1],[-1,0],[-1,0],[0,-1],[-1,0],[0,1],[-1,0],[-1,0],[0,-1],[-1,0],[0,1],[0,-1],[-1,0],[0,1],[-1,0],[0,-1],[-1,0],[-1,0],[0,1],[0,1],[-1,0],[0,1],[1,0],[1,0],[1,0],[0,1],[0,-1],[0,1],[0,1],[-1,0],[1,0],[-1,1],[0,1],[-1,0],[-1,0],[-1,0],[-1,0],[0,-1],[-1,0],[-1,0],[-1,0],[-1,0],[-1,0],[0,-1],[-2,-1],[-1,0],[-1,0],[0,-1],[0,-1],[0,-1],[-1,0],[-1,-1],[0,-1],[0,-1],[0,-1],[-1,0],[-1,0],[-1,0],[0,-1],[-1,0],[0,-1],[-1,0],[-1,0],[-1,0],[-1,0],[0,1],[-1,0],[0,1],[1,0],[0,1],[-1,0],[1,0],[-1,1],[0,1],[-1,0],[-1,0],[-1,1],[-1,0],[-1,0],[0,-1],[0,1],[-1,0],[0,-1],[0,1],[-1,0],[0,-1],[-1,0],[-1,0],[0,1],[0,-1],[-1,0],[0,1],[0,-1],[0,1],[-1,0],[-1,0],[0,-1],[-1,0],[0,1],[-1,0],[-1,0],[-1,0],[-1,0],[0,1],[-1,0],[0,1],[0,1],[-1,0],[-1,0],[-1,0],[0,1],[-1,0],[0,-1],[-1,0],[0,1],[-1,0],[-1,0],[-1,0],[0,1],[-1,0],[-1,0],[1,1],[-1,0],[0,1],[1,1],[0,1],[-1,0],[0,1],[0,-1],[-1,1],[1,0],[-1,0],[0,1],[-1,-1],[-1,0],[0,-1],[-1,0],[-1,0],[-1,0]],[[104,283],[1,0],[1,0],[1,0],[1,0],[0,1],[1,0],[1,0],[0,1],[1,0],[1,0],[-1,1],[0,-1],[0,1],[-1,0],[-1,0],[0,1],[-1,0],[0,-1],[0,1],[0,1],[1,0],[0,1],[0,1],[1,0],[1,0],[0,1],[1,0],[1,0],[1,0],[0,1],[1,0],[0,1],[-1,0],[0,1],[1,0],[0,1],[-1,0],[0,1],[0,1],[1,1],[-1,0],[1,0],[0,1],[1,0],[0,1],[-1,0],[0,1],[0,1],[-1,0],[0,1],[0,1],[-1,0],[-1,0],[0,1],[0,1],[1,0],[0,1],[-1,0],[-1,1],[1,0],[0,1],[0,1],[1,0],[0,1],[0,-1],[0,1],[-1,0],[0,1],[0,1],[1,0],[0,-1],[0,-1],[1,0],[0,-1],[1,0],[0,1],[1,0],[0,1],[0,1],[-1,0],[-1,0],[-1,0],[0,1],[0,1],[0,1],[0,-1],[1,0],[0,-1],[1,0],[1,0],[1,0],[1,0],[0,1],[0,1],[1,0],[0,1],[-1,0],[1,0],[1,0],[1,0],[1,0],[-1,0],[0,-1],[1,0],[0,-1],[-1,0],[0,-1],[0,1],[0,1],[-1,0],[0,-1],[1,0],[-1,0],[0,-1],[1,0],[1,0],[1,0],[-1,-1],[-1,0],[0,1],[-1,0],[0,1],[0,-1],[0,1],[-1,0],[0,-1],[1,0],[0,-1],[-1,0],[0,-1],[1,-1],[0,1],[1,-1],[1,0],[1,0],[1,0],[1,0],[1,0],[1,0],[1,1],[1,0],[1,0],[0,-1],[0,-1],[0,-1],[0,1],[1,-1],[0,-1],[1,0],[-1,0],[0,-1],[0,-1],[-1,0],[0,1],[-1,0],[0,-1],[-1,0],[0,-1],[1,0],[0,-1],[1,0],[0,-1],[-1,0],[0,-1],[0,-1],[1,0],[0,-1],[-1,0],[0,-1],[-1,0],[0,-1],[0,1],[0,-1],[0,1],[-1,0],[1,0],[-1,0],[-1,0],[-1,0],[0,1],[-1,-1],[0,-1],[0,-1],[1,0],[0,-1],[1,0],[-1,0],[1,0],[0,-1],[1,0],[1,0],[0,1],[0,1],[1,0],[0,-1],[0,1],[1,0],[1,0],[1,0],[0,1],[1,0],[0,1],[-1,0],[1,0],[0,1],[1,0],[1,0],[0,1],[0,-1],[0,1],[0,1],[0,1],[1,0],[-1,0],[0,1],[1,0],[0,1],[0,-1],[0,-1],[1,0],[1,0],[1,0],[1,0],[0,-1],[0,1],[1,0],[0,-1],[1,0],[1,0],[0,1],[1,0],[0,1],[0,-1],[0,1],[1,0],[0,-1],[-1,0],[0,-1],[1,0],[1,0],[0,-1],[1,0],[1,0],[0,1],[1,0],[0,1],[-1,0],[0,1],[-1,1],[0,1],[0,1],[0,1],[1,0],[1,0],[0,-1],[1,0],[0,1],[1,0],[0,1],[0,1],[0,1],[-1,0],[-1,1],[-1,0],[-1,0],[0,1],[1,0],[0,1],[1,0],[-1,0],[1,0],[0,1],[-1,0],[0,1],[-1,0],[1,0],[0,1],[1,0],[1,0],[0,1],[0,-1],[1,0],[1,0],[0,1],[1,0],[1,0],[1,0],[1,0],[1,0],[0,1],[0,1],[-1,0],[0,1],[0,1],[0,1],[0,1],[-1,0],[0,-1],[-1,0],[0,-1],[-1,0],[-1,0],[-1,0],[-1,-1],[-1,0],[0,1],[-1,0],[-1,0],[-1,0],[-1,0],[-1,0],[0,1],[-1,0],[0,1],[-1,0],[0,1],[0,1],[0,1],[-1,0],[1,1],[-1,0],[0,1],[1,0],[0,1],[0,1],[1,0],[1,0],[0,1],[1,0],[1,0],[0,1],[1,0],[0,1],[1,0],[0,1],[1,0],[0,1],[1,0],[0,1],[1,0],[1,0],[0,1],[1,0],[1,0],[1,0],[0,1],[0,1],[1,0],[1,0],[0,1],[1,0],[1,0],[1,0],[0,1],[1,0],[1,0],[0,1],[1,0],[1,0],[0,1],[1,0],[0,1],[1,0],[1,0],[0,1],[1,0],[0,-1],[1,0],[0,1],[0,1],[0,1],[0,-1],[1,0],[0,1],[1,0]],[[171,348],[1,0],[0,1],[1,0],[0,-1],[1,0],[1,0],[0,-1],[1,0],[1,0],[1,0],[1,0],[1,0],[1,0],[0,-1],[1,0],[1,0],[0,-1],[1,0],[0,-1],[0,-1],[1,0],[0,-1],[0,-1],[1,0],[0,1],[0,-1],[-1,0],[1,-1],[-1,0],[1,0],[0,-1],[0,-1],[-1,0],[0,1],[0,-1],[-1,0],[0,-1],[0,-1],[-1,0],[1,0],[0,-1],[-1,-1],[0,-1],[-1,0],[0,-1],[0,-1],[-1,0],[1,0],[0,-1],[-1,0],[0,1],[0,-1],[-1,0],[0,-1],[1,0],[0,-1],[0,-1],[-1,0],[-1,0],[0,-1],[-1,0],[-1,0],[-1,0],[-1,0],[-1,0],[0,-1],[0,-1],[-1,0],[0,-1],[-1,0],[0,-1],[1,0],[-1,0],[1,-1],[0,-1],[1,0],[0,-1],[1,0],[-1,0],[1,-1],[-1,0],[-1,0],[0,-1],[0,-1],[-1,0],[0,-1],[-1,0],[0,-1],[-1,0],[0,-1],[1,0],[0,-1],[0,-1],[1,-1],[-1,0],[1,0],[0,-1],[-1,0],[0,-1],[0,-1],[1,0],[-1,0],[1,0],[0,-1],[1,0],[0,-1],[0,-1],[1,0],[1,1],[0,1],[1,0],[0,-1],[1,0],[0,-1],[1,0],[0,-1],[1,0],[1,0],[0,-1],[1,0],[0,1],[0,-1],[0,1],[1,0],[1,1],[0,1],[1,0],[0,1],[0,1],[-1,0],[-1,0],[1,0],[0,1],[0,-1],[1,0],[0,1],[-1,0],[0,1],[-1,0],[0,1],[-1,0],[0,-1],[-1,0],[0,1],[0,1],[0,1],[0,1],[0,1],[-1,0],[-1,1],[0,1],[0,1],[0,1],[-1,0],[0,1],[0,1],[0,1],[-1,0],[-1,0],[-1,0],[1,0],[0,1],[1,0],[0,-1],[0,1],[0,1],[0,-1],[1,0],[0,1],[1,0],[0,1],[1,0],[0,-1],[-1,0],[0,1],[0,-1],[1,0],[0,-1],[1,0],[0,1],[0,1],[1,0],[-1,0],[-1,0],[0,1],[1,0],[0,-1],[0,1],[1,0],[0,-1],[1,0],[0,1],[-1,0],[1,0],[0,1],[1,0],[0,-1],[0,-1],[-1,0],[1,0],[1,0],[0,-1],[-1,0],[0,-1],[0,1],[-1,0],[1,0],[-1,0],[-1,-1],[-1,0],[0,-1],[1,0],[0,-1],[1,1],[0,1],[1,0],[1,-1],[-1,0],[-1,0],[0,-1],[0,1],[0,-1],[0,-1],[1,1],[1,0],[0,1],[1,0],[0,-1],[0,-1],[-1,0],[1,0],[1,1],[0,-1],[0,-1],[1,0],[0,1],[0,-1],[1,0],[0,1],[1,0],[-1,-1],[1,0],[0,1],[0,-1],[0,1],[0,1],[0,1],[0,-1],[1,0],[0,1],[-1,0],[-1,0],[1,0],[0,1],[1,0],[0,-1],[1,0],[1,0],[0,-1],[-1,0],[1,0],[-1,0],[0,-1],[0,-1],[0,1],[1,-1],[-1,0],[1,0],[0,1],[0,-1],[1,0],[0,1],[1,0],[0,-1],[0,1],[1,0],[0,-1],[0,1],[0,-1],[1,1],[1,0],[0,-1],[1,0],[1,0],[0,1],[0,1],[0,1],[0,-1],[0,1],[1,0],[0,-1],[0,1],[1,0],[0,1],[1,0],[1,0],[1,0],[0,1],[1,0],[1,1],[0,-1],[1,0],[-1,0],[0,-1],[1,0],[-1,0],[0,-1],[1,0],[0,-1],[1,0],[0,-1],[-1,0],[0,-1],[-1,0],[0,-1],[0,-1],[1,0],[0,1],[1,-1],[0,1],[-1,0],[1,0],[0,1],[0,-1],[1,0],[0,1],[0,-1],[1,0],[0,1],[-1,0],[1,0],[0,-1],[1,0],[0,1],[1,-1],[0,1],[-1,0],[0,1],[1,0],[0,-1],[-1,0],[1,0],[1,0],[0,-1],[1,0],[1,0],[-1,1],[-1,0],[1,0],[-1,0],[0,1],[1,0],[1,0],[0,-1],[0,1],[1,0],[-1,0],[0,1],[1,0],[0,-1],[0,1],[0,-1],[1,0],[-1,0],[0,-1],[0,-1],[-1,0],[1,0],[0,-1],[-1,0],[0,-1],[1,0],[1,0],[-1,0],[1,0],[0,1],[0,-1],[1,0],[1,0],[-1,0],[1,0],[1,0],[0,-1],[1,0],[0,1],[0,1],[0,-1],[1,0],[-1,0],[1,0],[0,1],[0,1],[1,0],[0,1],[-1,0],[1,0],[0,1],[1,0],[-1,0],[1,-1],[0,1],[1,0],[-1,0],[1,0],[0,-1],[0,1],[1,0],[0,-1],[-1,0],[1,0],[1,0],[-1,0],[0,1],[1,0],[1,0],[0,1],[0,-1],[1,0],[-1,0],[0,-1],[1,0],[-1,0],[1,-1],[0,1],[1,0],[0,-1],[1,0],[1,0],[0,-1],[0,1],[1,0],[0,-1],[1,0],[-1,0],[1,0],[0,-1],[0,-1],[0,-1],[1,0],[0,1],[0,-1],[0,1],[1,0],[0,-1],[1,0],[1,0],[1,0],[-1,0],[1,0],[0,-1],[-1,0],[1,0],[1,0],[-1,0],[0,-1],[0,-1],[0,1],[1,0],[0,-1],[0,1],[0,-1],[0,1],[0,-1],[0,-1],[1,0],[0,1],[0,-1],[1,0],[0,1],[0,1],[1,0],[1,0],[0,-1],[1,0],[0,1],[1,0],[1,0],[0,-1],[1,0],[0,-1],[1,0],[0,-1],[-1,0],[0,1],[-1,0],[1,-1],[0,-1],[0,-1],[-1,0],[1,-1],[0,-1],[0,-1],[0,-1],[0,-1],[-1,0],[0,1],[0,-1],[0,-1],[1,0],[0,-1],[1,0],[0,-1]],[[81,212],[0,-1],[-1,0],[0,1],[1,0]],[[212,252],[0,1],[0,-1]],[[159,200],[1,0],[-1,0]],[[101,154],[-1,0],[1,0],[-1,0]],[[100,154],[0,-1],[-1,0],[-1,0],[0,1],[0,1],[0,1],[-1,0],[-1,0],[0,-1],[-1,0],[-1,0],[-1,0]],[[93,155],[0,1],[0,1],[0,-1],[0,1],[-1,0],[0,1],[0,-1],[0,1],[-1,0],[0,1],[-1,0],[0,1],[0,1],[-1,0],[1,0],[-1,0],[1,0],[-1,0],[1,0],[0,1],[-1,0],[1,0],[-1,0],[0,1],[0,1],[0,-1],[0,1],[0,-1],[0,1],[0,1],[-1,0],[0,1],[1,0],[-1,0],[0,1],[1,0],[-1,0],[0,1],[-1,0],[0,1],[0,1],[0,-1],[1,0],[0,1],[-1,0],[0,1],[0,-1],[0,1],[0,-1],[1,0],[-1,0],[0,1],[1,0],[-1,0],[1,0],[-1,0],[0,1],[0,1],[0,1],[0,1],[0,1],[0,-1],[-1,0],[0,1],[1,0],[-1,0],[1,0],[-1,0],[1,0],[0,1],[-1,0],[1,0],[0,1],[-1,0],[1,0],[0,-1],[0,1],[-1,0],[1,0],[-1,0],[1,0],[0,1],[-1,0],[1,0],[-1,0],[1,0],[-1,0],[0,1],[0,1],[0,1],[-1,0],[1,0],[-1,0],[0,1],[1,0],[-1,0],[0,-1],[1,0],[-1,0],[1,0],[0,1],[-1,0],[1,0],[-1,0],[0,1],[0,1],[0,1],[-1,0],[0,1],[1,0],[0,1],[-1,0],[0,1],[0,1],[0,1],[-1,0],[0,1],[1,0],[-1,0],[0,1],[0,1],[0,-1],[0,1],[0,-1],[0,1],[-1,0],[0,1],[0,1],[0,-1],[0,1],[-1,0],[0,1],[1,0],[-1,0],[0,1],[0,1],[0,-1],[0,1],[0,1],[0,-1],[1,0],[1,0],[0,-1],[0,-1],[0,1],[0,-1],[0,1],[0,1],[0,1],[-1,0],[1,0],[-1,0],[1,0],[0,-1],[-1,0],[0,1],[0,-1],[0,1],[-1,0],[0,1],[-1,0],[0,1],[0,1],[0,1],[0,1],[0,1],[-1,0],[0,1],[0,1],[0,1],[1,0],[0,-1],[0,1],[1,0],[0,-1],[0,1],[0,1],[0,-1],[-1,0],[0,1],[0,1]],[[80,211],[0,-1],[0,1]],[[80,211],[0,-1],[1,0],[0,1]],[[81,211],[0,-1],[0,1]],[[81,211],[0,1],[0,-1],[0,1]],[[81,212],[1,0],[0,1],[-1,0],[0,-1]],[[81,212],[-1,0]],[[80,212],[-1,0],[0,-1],[0,-1],[0,1],[0,-1],[-1,0],[0,1],[1,0],[-1,0],[0,1],[1,0],[-1,0],[1,0],[0,1],[0,-1],[0,1],[0,1],[-1,0],[0,1],[1,0],[-1,0],[0,-1],[0,1],[0,-1],[0,1],[0,1],[1,0],[0,1],[0,-1],[-1,0],[0,-1],[0,1],[0,1],[0,1],[0,1],[0,1],[-1,0],[1,0],[0,1],[0,-1],[0,1],[-1,0],[0,1],[0,-1],[0,1],[0,1],[0,1],[0,1],[-1,0],[1,0],[-1,0],[0,1],[0,1],[0,1],[0,1],[1,0],[0,-1],[1,0],[-1,0],[0,1],[0,1],[0,1],[0,1]],[[429,300],[0,1],[0,-1]],[[429,300],[-1,0],[0,-1],[-1,0],[1,0],[-1,0],[1,1],[-1,0],[-1,0],[-1,0],[-1,1],[0,-1],[0,1],[-1,0],[0,1],[1,1],[-1,0],[1,0],[-1,0],[0,1],[1,0],[0,1],[-1,0],[1,0],[-1,0],[1,1]],[[424,306],[-1,0],[1,0]],[[431,321],[0,1],[0,-1]],[[431,321],[1,0],[0,-1],[0,1],[0,-1],[0,1],[1,0],[0,-1],[1,0],[0,1],[0,1],[1,0],[0,1],[1,0],[0,1],[1,0],[0,1],[-1,0],[0,1],[1,0],[1,0],[1,0],[1,0],[0,1],[1,0],[0,-1],[1,0],[0,-1],[1,0],[0,1],[1,0],[-1,-1],[1,0],[1,0],[1,0],[1,1],[1,1],[1,0],[0,1],[1,0],[0,-1],[0,-1],[0,-1],[1,0],[0,-1],[1,0]],[[452,324],[0,-1],[-1,0],[0,-1],[-1,-1],[0,-1],[1,0],[0,-1],[1,0],[1,0],[0,-1],[0,-1],[0,-1],[-1,0],[0,-1],[0,-1],[-1,0],[0,-1],[0,-1],[0,-1],[-1,0],[0,1],[0,-1],[0,-1],[-1,0],[0,-1],[-1,0],[0,-1],[0,-1],[-1,0],[0,-1],[-1,0],[1,0],[0,-1],[-1,0],[0,-1],[0,-1],[-1,0],[0,-1],[0,-1],[0,-1],[-1,0],[0,-1],[0,-1],[-1,0],[0,-1],[0,-1],[-1,0],[0,1],[-1,0],[0,1],[-1,0],[-1,0],[-1,0],[-1,0],[-1,0],[0,1],[-1,0],[-1,0],[0,-1],[-1,0],[0,1],[0,-1],[-1,0],[-1,0],[0,1],[0,1],[-1,0],[-1,0]],[[413,317],[-1,0],[0,1],[-1,0],[0,-1],[0,1],[-1,0],[-1,0],[0,1],[-1,0],[1,0],[-1,0],[-1,0],[0,1],[0,-1],[-1,0],[0,1],[0,-1],[-1,0],[-1,0],[-1,0],[-1,0],[-1,0],[-1,0],[0,-1],[0,1],[0,-1],[0,1],[-1,0],[1,0],[-1,0],[-1,0],[-1,0],[-1,0],[-1,0],[-1,0],[0,1],[-1,0],[-1,0],[-1,0],[-1,0],[0,-1],[-1,0],[-1,0],[-1,0],[-1,0],[-1,0],[-1,0],[-1,0],[0,1],[0,-1],[-1,0],[-1,0],[-1,0],[-1,0],[-1,0],[0,1],[-1,0],[-1,0],[-1,0],[-1,0],[-1,0],[0,1],[-1,0],[-1,0],[0,1],[-1,0],[0,-1],[-1,0],[0,1],[0,1],[0,1]],[[429,300],[0,-1],[0,-1],[1,0],[0,-1],[0,-1],[0,-1],[0,-1],[1,0],[0,-1],[-1,0],[1,-1],[-1,-1],[0,-1],[0,-1],[0,-1],[-1,0],[0,-1],[1,0],[0,-1],[0,-1],[0,-1],[-1,0],[0,-1],[0,-1],[-1,0],[-1,0],[0,1],[-1,0],[0,-1],[0,1],[0,-1],[0,1],[0,-1],[-1,0],[0,-1],[1,0],[0,-1],[-1,0],[0,-1],[0,-1],[0,-1],[0,-1],[0,-1],[1,0],[0,-1],[-1,0],[0,-1],[0,-1],[1,0],[0,-1],[0,-1],[1,0],[-1,0],[1,0],[0,-1],[-1,0],[0,-1],[0,-1],[-1,0],[0,1],[-1,0],[0,-1],[0,-1],[-1,0],[0,-1],[0,-1],[0,1],[-1,0],[0,-1],[0,-1],[-1,1],[0,1],[-1,0],[0,1],[-1,0],[0,1],[-1,0],[0,-1],[0,-1],[0,1],[0,-1],[0,-1],[-1,0],[-1,0],[0,1],[0,1],[0,1],[0,-1],[1,0],[0,1],[-1,0],[0,1],[0,1],[0,1],[0,1],[0,1],[-1,0],[0,1],[0,1],[0,1],[0,1],[0,1],[-1,0],[0,1],[0,1],[0,1],[-1,0],[-1,0],[0,1],[1,0],[0,1],[0,1],[-1,0],[0,1],[0,1],[0,1],[1,0],[0,1],[-1,0],[1,0],[0,1],[-1,0],[0,1],[0,1],[0,-1],[0,1],[0,1],[-1,0],[0,1],[0,1],[0,1]],[[411,294],[0,1],[0,1],[-1,0],[1,0],[0,1],[0,-1],[1,1],[-1,0],[1,0],[-1,0],[1,0],[-1,0],[1,0],[0,1],[-1,0],[1,0],[0,1],[-1,0],[1,0],[-1,0],[1,0],[-1,0],[0,1],[1,0],[-1,0],[1,0],[-1,0],[1,0],[0,1],[0,1],[-1,0],[0,1]],[[461,352],[0,-1],[0,-1],[0,-1],[-1,0],[0,-1],[1,0],[0,-1],[0,-1],[0,-1]],[[461,345],[-1,0],[0,-1],[0,-1],[-1,0],[0,-1],[-1,0],[0,-1],[1,0],[0,-1],[1,0],[-1,0],[1,0],[-1,-1],[1,0],[-1,0],[0,-1],[1,-1],[-1,0],[0,-1],[0,-1],[1,0],[0,-1],[-1,-1],[-1,0],[0,-1],[0,-1],[0,-1],[0,-1],[-1,0],[0,-1],[-1,0],[0,-1],[-1,0],[0,-1],[1,0],[-1,0],[-1,0],[0,-1],[-1,0],[0,-1],[-1,0]],[[282,214],[0,-1],[0,1]],[[282,214],[1,0]],[[283,214],[0,-1],[-1,0]],[[317,236],[0,1],[1,0],[-1,0],[1,0],[0,-1],[-1,0]],[[321,242],[0,1],[0,-1]],[[321,242],[-1,0],[-1,0],[0,-1],[-1,0],[1,0],[0,1],[-1,0],[0,-1],[-1,0],[1,0],[0,-1],[0,1],[-1,0],[0,1],[1,0],[0,1],[1,0],[1,0]],[[320,243],[1,0],[0,-1]],[[316,268],[0,-1],[1,0],[0,-1],[1,0],[1,0],[1,0],[0,-1],[1,0],[0,-1],[0,-1],[0,-1],[1,0],[0,1],[1,0],[1,1],[0,-1],[1,0],[0,-1],[0,-1],[1,0],[0,-1],[0,1],[0,-1],[1,0],[1,0],[0,-1],[1,0],[0,-1],[0,-1]],[[329,257],[-1,0],[0,-1],[-1,0],[0,1],[0,-1],[-1,0],[-1,0],[-1,0],[-1,0],[0,-1],[-1,0],[-1,0],[1,0],[-1,0],[0,-1],[-1,0],[0,-1],[-1,0],[0,-1],[-1,0],[0,-1],[0,-1],[0,1],[0,-1],[0,-1],[0,-1],[0,-1],[1,0],[0,-1],[0,-1],[1,0],[0,-1],[0,-1]],[[320,243],[-1,0],[-1,0],[0,-1],[-1,0],[1,0],[-1,0],[0,-1]],[[317,241],[0,-1],[0,1]],[[317,241],[0,-1],[1,0]],[[318,240],[0,1],[-1,0],[1,0],[1,0],[0,1],[1,0],[1,0],[-1,0],[1,0]],[[321,242],[0,-1],[0,1]],[[321,242],[0,-1],[-1,0],[0,-1],[-1,0],[-1,0]],[[318,240],[0,-1],[-1,0],[0,-1],[-1,0],[0,-1],[0,-1],[1,0]],[[317,236],[0,-1],[-1,0],[0,-1],[0,1],[0,-1],[-1,0],[-1,0],[0,-1],[-1,0],[-1,0],[0,-1],[0,1],[0,-1],[0,1],[0,-1],[-1,0],[1,0],[0,-1],[0,1],[0,-1],[0,1],[1,0],[0,1],[0,-1],[-1,0],[0,-1],[-1,0],[0,-1],[0,-1],[-1,0],[-1,0],[0,1],[-1,0],[0,1],[0,-1],[1,0],[0,-1],[1,0],[-1,0],[0,-1],[-1,0],[-1,0],[1,0],[-1,0],[0,-1],[-1,0],[-1,0],[-1,0],[-1,0],[0,-1],[-1,0],[0,1],[0,-1],[-1,0],[-1,0],[0,-1],[-1,0],[-1,0],[-1,0],[0,-1],[-1,0],[-1,0],[0,-1],[-1,0],[-1,0],[0,-1],[-1,0],[-1,0],[0,-1],[-1,0],[0,-1],[-1,0],[0,-1],[-1,0],[0,-1],[-1,0],[-1,0],[0,-1],[-1,0],[0,-1],[-1,0],[0,-1],[-1,0],[0,-1]],[[282,214],[0,1],[0,-1]],[[282,214],[-1,0],[1,0]],[[225,192],[0,-1],[0,1]],[[199,70],[-1,0],[1,0],[-1,0],[0,1],[0,-1],[0,1],[-1,0],[0,1],[-1,0],[1,0],[0,1],[1,0],[1,0]],[[199,73],[0,-1],[0,-1],[0,-1]],[[196,91],[0,-1],[1,0],[-1,0],[1,0],[0,-1],[0,1],[1,-1],[0,1],[0,-1],[0,-1],[0,1],[0,-1],[0,1],[0,-1],[0,1],[0,-1],[0,-1],[0,1],[-1,0],[0,-1],[0,1],[-1,0],[-1,0],[1,0],[0,1],[0,-1],[0,1],[0,1],[-1,0],[0,1],[1,0]],[[121,90],[-1,0],[0,1]],[[120,91],[0,1],[1,0],[0,1],[1,0],[1,0],[-1,0],[0,-1],[-1,0],[0,-1],[-1,0]],[[240,172],[-1,0],[1,0]],[[147,417],[0,-1]],[[108,402],[-1,0],[-1,0],[-1,0],[-1,0],[-1,0],[-1,0],[-1,0],[-1,0],[-1,0],[0,1],[-1,-1],[-1,0],[0,1],[0,1],[1,0],[0,1],[0,1]],[[98,406],[0,1],[0,1],[-1,0],[0,1],[0,1],[1,0],[0,1],[0,1],[1,0],[1,0],[0,1],[0,1],[1,0],[1,0],[0,1],[1,0],[0,1],[1,0],[-1,0],[1,0],[0,1],[0,1],[1,0],[0,1],[1,0],[1,1],[1,0],[0,1],[0,1],[1,0],[0,-1],[1,0],[0,1],[1,0],[-1,0],[0,1],[0,-1],[-1,0],[0,1],[0,-1],[-1,0],[0,1],[0,-1],[0,1],[-1,0],[0,1],[1,0],[-1,0],[1,0],[0,1],[-1,0],[1,0],[0,1],[1,0],[0,1],[0,1],[1,0],[0,1],[-1,0],[-1,0],[1,0],[0,1],[0,1],[-1,1],[0,1],[0,1],[0,1],[1,0],[0,1],[1,0],[1,0],[0,1],[1,0],[1,0],[0,1],[1,0],[-1,0],[0,1],[1,0],[1,0],[0,-1],[1,0],[1,0],[0,1],[1,0],[1,0],[0,1],[1,0],[0,-1],[0,1],[1,0],[0,1],[1,0],[-1,0],[0,1],[1,0],[0,1]],[[122,443],[-1,0],[0,1]],[[155,365],[0,-1],[0,-1],[1,0],[0,-1],[-1,0],[1,-1],[0,-1],[1,0],[0,-1],[0,-1],[1,0],[1,-1],[1,0],[0,-1],[0,-1],[1,1],[0,-1],[0,-1],[-1,0],[0,-1],[-1,0],[-1,0],[1,0],[0,-1],[1,0],[-1,0],[1,0],[0,-1],[1,0],[0,1],[1,0],[0,-1],[1,1],[0,-1],[-1,0],[-1,0],[0,-1],[-1,0],[-1,0],[0,-1],[-1,0],[-1,0],[0,-1],[0,-1],[1,0],[0,1],[1,0],[1,0],[1,0],[0,1],[1,0],[0,1],[1,0],[1,0],[0,-1],[1,0],[0,1],[0,-1],[1,0],[1,0],[1,0],[-1,0],[1,0],[1,0],[0,1],[1,0],[1,0],[1,0],[-1,-1],[-1,0],[1,-1]],[[49,311],[0,1],[-1,0],[0,1],[0,1],[-1,0],[0,1],[-1,1],[0,1],[0,1],[0,1],[-1,0],[-1,1],[0,1],[-1,0],[0,1],[-1,1],[0,1],[0,1],[0,1],[0,1],[0,1],[-1,0],[-1,0],[-1,0],[-1,0],[-1,0],[-2,0],[0,1],[0,1],[-1,0],[-1,1],[-1,1],[0,1],[0,1],[0,1],[1,1],[0,1],[0,1],[0,1],[1,1],[0,1],[-1,0],[1,1],[-1,1],[0,1],[-1,0],[-1,0],[-1,0],[-1,0],[-1,0],[-1,0],[-1,1],[-1,0],[-1,1],[-1,0],[-1,0],[0,1],[0,1],[0,1],[0,1],[0,1],[1,1],[0,1],[0,1],[1,0],[1,1],[0,1],[1,0],[1,1],[1,1],[1,1],[0,1],[1,0],[1,1],[0,1],[1,1],[0,1],[1,1],[1,1],[1,1],[1,0],[0,1],[1,0],[0,1],[1,0],[1,0],[1,0],[0,-1],[1,0],[1,-1],[0,-1],[0,-1],[1,0],[0,-1],[0,-1],[1,0],[1,0],[1,0],[1,0],[0,1],[1,0],[1,0],[1,1],[1,0],[1,0],[0,1],[1,0],[1,0],[1,0],[1,0],[1,0],[1,0],[1,0],[1,0],[0,1],[1,0],[1,0],[1,1],[0,1],[0,1],[1,1],[1,1],[0,1],[1,0],[1,1],[1,1],[1,2],[0,2],[1,1],[0,1],[1,0],[0,1],[1,0],[1,0],[0,1],[1,0],[1,0],[1,1],[1,1],[1,0],[1,0],[0,1],[1,0],[1,0],[0,1],[0,1],[1,0],[0,1],[1,0],[0,1],[1,1],[0,1],[1,0],[0,1],[0,1],[1,0],[0,1],[1,1],[0,1],[0,1],[0,1],[1,0],[0,1],[0,1],[0,1],[1,0],[1,0],[1,1],[1,0],[1,1],[1,0],[1,0],[1,1],[1,0],[0,1],[1,0]],[[351,354],[-1,-1],[0,1],[-1,0],[-1,0],[-1,0],[0,-1],[-1,0],[0,-1],[-1,0],[0,1],[-1,0],[-1,0],[-1,0],[-1,0],[-1,0],[-1,0],[0,1],[0,1],[-1,0]],[[338,355],[0,1],[1,0],[0,1],[0,1],[0,1],[0,1],[0,1],[1,0],[0,1],[0,1],[0,1],[1,0],[0,1],[0,1],[-1,0],[0,1],[0,1],[1,-1],[0,1],[1,0],[0,-1],[0,1],[1,0],[1,0],[1,0],[0,1],[1,0],[1,0],[0,1],[1,0],[0,1],[0,-1],[1,0],[1,0],[1,0],[0,-1],[1,0],[0,-1],[0,-1],[1,0],[0,-1],[0,-1],[-1,0],[0,-1],[0,-1],[0,-1],[0,-1],[-1,0],[0,-1],[0,-1],[0,-1],[1,0],[0,-1],[0,1],[1,0],[0,-1],[1,0],[-1,0],[0,-1],[0,-1],[-1,0],[-1,0],[0,-1]],[[189,44],[1,0],[0,-1],[-1,0],[1,0],[0,-1],[1,0],[0,-1],[1,0],[-1,0],[0,1],[0,-1],[1,0],[-1,0],[0,1],[-1,0],[0,1],[-1,0],[-1,0],[0,1],[1,0]],[[198,90],[0,-1],[-1,1],[0,-1],[0,1],[-1,0],[1,0],[-1,0],[0,1],[-1,0],[0,-1],[1,0],[0,-1],[0,-1],[0,1],[0,-1],[-1,0],[1,0],[1,0],[0,-1],[0,1],[1,0],[0,-1]],[[198,87],[0,-1],[-1,0],[0,-1],[0,-1],[0,-1],[0,-1],[1,0],[0,-1],[0,-1],[0,-1],[0,1],[0,-1],[0,-1],[1,0],[0,-1],[-1,0],[1,0],[0,-1],[0,-1],[0,-1],[0,-1]],[[199,73],[-1,0],[-1,0],[0,-1],[-1,0],[1,0],[0,-1],[1,0],[0,-1],[0,1],[0,-1],[1,0]],[[199,70],[0,-1],[0,-1],[0,-1],[0,-1],[0,-1],[0,-1],[0,-1],[0,-1],[0,-1],[-1,0],[-1,0],[1,0],[-1,0],[-1,0],[-1,0],[0,1],[0,-1],[-1,0],[1,0],[1,0],[-1,0],[1,0],[1,0],[-1,0],[-1,0],[-1,0],[-1,0],[1,0],[0,1],[-1,0],[0,-1],[0,1],[0,-1],[0,1],[0,-1],[0,1],[0,-1],[0,1],[0,-1],[-1,0],[0,1],[1,0],[-1,0],[0,-1],[0,1],[0,-1],[1,0],[-1,0],[-1,0],[-1,0],[-1,0],[0,-1],[0,-1],[-1,0],[0,-1],[0,-1],[1,0],[0,-1],[-1,0],[0,-1],[-1,0],[0,-1],[-1,0],[0,-1],[-1,0],[0,-1],[0,-1],[-1,0],[0,-1],[-1,0],[0,-1],[0,-1],[0,-1],[-1,0],[0,-1],[1,0],[0,-1],[1,0],[0,-1],[1,0],[1,0],[0,-1],[0,1],[0,-1],[0,1],[1,0],[0,-1],[-1,0],[-1,0],[-1,0],[-1,0],[-1,0],[-1,0],[0,-1],[-1,0],[-1,0],[-1,0],[0,-1],[-1,0],[-1,0],[-1,0],[-1,0],[0,-1],[-1,0],[0,-1],[-1,0],[-1,0],[1,0],[0,-1],[-1,0],[-1,0],[0,-1],[0,-1],[0,-1],[0,-1],[0,1],[0,-1],[0,1],[0,-1],[0,1],[0,-1],[1,0],[-1,0],[1,0],[-1,0],[0,-1],[-1,0],[0,-1],[0,1],[0,-1],[0,1],[0,-1],[0,-1],[0,1],[0,-1],[0,1],[0,-1],[0,1],[0,-1],[0,1],[0,-1],[0,1],[0,-1],[0,1],[0,-1],[0,-1],[0,-1],[-1,0],[0,-1],[0,-1],[-1,0],[-1,0],[0,-1],[-1,0],[-1,0],[0,-1],[-1,0],[0,-1],[-1,0],[-1,0],[-1,0],[0,-1],[-1,0],[1,0],[-1,0],[0,-1],[0,1],[-1,0],[-1,0],[-1,0],[-1,0],[0,1],[-1,0],[0,1],[-1,0],[0,1],[-1,0]],[[171,104],[0,-1],[-1,0],[0,-1],[1,0],[0,1],[1,0],[0,-1],[1,0],[0,-1],[1,0],[1,0],[0,1],[1,0],[-1,0],[0,1],[1,0],[-1,0],[1,0],[0,-1],[0,1],[0,1],[1,0],[0,1],[0,1],[1,0],[0,1],[0,-1],[0,1],[0,1],[1,0],[0,1],[1,0],[1,0],[1,0],[0,-1],[1,0],[-1,0],[0,1],[1,0],[1,0],[1,0],[0,-1],[1,0],[1,0],[0,1],[1,0],[0,1],[1,0],[1,0],[0,1],[1,0],[0,1],[1,0],[-1,0],[0,1],[0,1],[1,0],[0,-1],[1,0],[1,-1],[0,1],[1,0],[0,-1],[0,1],[1,0],[0,-1],[0,-1],[0,1],[1,0],[0,-1],[0,1],[1,0],[-1,0],[-1,1],[1,0],[1,0],[1,0],[0,1],[1,0],[0,1],[1,0],[0,1],[1,0],[0,1],[-1,0],[1,0],[1,0],[0,-1],[1,0],[1,0],[1,0],[0,-1],[0,-1],[1,0],[0,1],[0,-1],[0,1],[0,1],[0,-1],[0,-1]],[[207,114],[0,-1],[0,-1],[-1,0],[1,0],[-1,0],[1,0],[0,-1],[-1,0],[0,-1],[0,-1],[0,-1],[0,-1],[0,-1],[-1,0],[0,-1],[0,-1],[1,0],[-1,0],[0,-1],[0,-1],[0,-1],[-1,0],[0,-1],[0,-1],[0,-1],[-1,0],[0,-1],[-1,0],[0,-1],[0,1],[0,-1],[-1,0],[1,0],[-1,0],[1,0],[-1,0],[1,0],[0,1],[0,-1],[0,-1],[-1,0],[-1,0],[0,-1],[1,0],[0,1],[0,-1],[-1,0],[0,-1],[0,-1],[-1,0],[0,-1],[0,-1],[-1,0]],[[411,294],[-1,0],[0,-1],[0,1],[-1,0],[-1,0],[0,-1],[-1,0],[-1,0],[0,1],[-1,0],[0,-1],[0,-1],[0,-1],[1,0],[-1,0],[0,-1],[1,0],[-1,0],[0,-1],[-1,0],[-1,-1],[0,-1],[-1,0],[1,0],[-1,0],[0,-1],[1,-1],[-1,0],[1,0],[0,-1],[0,-1],[-1,0],[0,-1],[-1,-1],[0,1],[0,-1],[-1,0],[-1,0],[-1,0],[0,1],[0,1],[0,1],[-1,0],[1,0],[-1,0],[0,1],[1,0],[-1,0],[0,1],[-1,0],[0,-1],[0,-1],[0,-1],[0,-1],[0,1],[-1,0],[0,1],[0,1],[0,1],[-1,0],[0,1],[0,1],[1,0],[-1,0],[0,1],[-1,0],[0,1],[-1,1],[1,0],[-1,0],[0,1],[0,1],[1,0],[-1,0],[1,0],[-1,0],[0,1],[0,-1],[0,1],[0,-1],[0,1],[0,1],[1,0],[0,-1],[0,1],[0,1],[0,1],[0,1],[1,0],[0,1],[0,-1],[0,1],[1,0],[0,-1],[0,1],[1,0],[0,1],[-1,0],[0,1],[1,0],[1,0],[0,-1],[1,0],[1,0],[0,1],[0,-1],[0,1],[1,0],[0,1],[0,1],[0,-1],[1,0],[0,-1],[1,0],[0,1],[0,1],[1,0],[0,-1],[0,1],[1,0],[-1,0],[0,-1],[1,0],[0,-1],[1,0],[0,1],[0,1],[0,1],[0,1],[1,0],[0,-1],[0,1],[-1,0],[0,1],[1,0],[0,-1],[0,1],[0,-1],[0,1],[0,-1],[1,0],[1,0],[0,1],[0,-1],[0,1],[1,0],[0,1],[0,1],[1,0]],[[267,357],[0,-1],[0,1],[0,-1],[1,1],[0,-1],[0,-1],[1,0],[0,-1],[0,-1],[-1,0],[0,-1],[1,0],[0,1],[1,0],[0,-1],[-1,0],[1,0],[0,-1],[0,-1],[0,-1],[1,0],[1,0],[0,-1],[1,0],[-1,0],[1,0],[0,1],[0,-1],[0,1],[1,0],[0,-1],[0,-1],[-1,0],[0,-1],[1,0],[0,1],[1,0],[0,-1],[0,-1],[1,0],[1,-1],[-1,0],[-1,0],[-1,0],[-1,0],[-1,0],[0,1],[-1,0],[0,-1],[-1,0],[0,-1],[-1,0],[0,-1],[-1,0],[1,1],[-1,0],[0,-1],[0,-1],[1,0],[1,0],[1,-1],[1,0],[0,-1],[1,0],[-1,0],[0,-1],[-1,0],[0,-1],[-1,1],[0,-1],[0,1],[0,-1],[0,-1],[0,-1],[1,0],[1,0],[0,-1],[0,-1],[0,1],[1,-1],[0,1],[0,-1],[1,0],[1,0],[1,0],[0,-1],[1,0],[1,0],[0,-1],[1,0],[-1,0],[1,0],[0,-1],[1,0],[0,-1],[-1,0],[0,-1],[0,1],[-1,0],[0,-1],[-1,0],[0,1],[0,-1],[-1,0],[0,1],[-1,0],[0,-1],[-1,0],[-1,0],[-1,1],[-1,0],[0,-1],[0,-1],[-1,0],[-1,0],[0,-1],[-1,0],[0,-1],[-1,0],[0,-1],[-1,0],[1,0],[-1,0],[0,-1],[-1,0],[-1,0],[-1,0],[1,-1],[-1,0],[-1,0],[-1,0],[0,-1],[-1,0],[0,-1],[0,1],[0,-1],[-1,1],[0,-1],[-1,0],[0,-1],[0,-1],[1,0],[-1,0],[0,-1],[0,-1],[0,-1],[1,0],[-1,0],[1,-1],[-1,0],[1,0],[-1,0],[1,0],[0,-1],[0,-1],[1,0],[1,0],[0,-1],[0,-1],[1,0],[-1,0],[0,-1],[0,-1]],[[160,410],[1,0],[1,0],[0,-1],[1,0],[0,-1],[1,0],[1,0],[1,0],[0,-1],[-1,0],[0,-1],[0,-1],[-1,0],[-1,0],[0,-1],[0,-1],[-1,0],[1,0],[0,-1],[-1,0],[0,-1],[0,-1],[1,0],[0,-1],[0,-1],[1,0],[-1,0],[0,-1],[1,0],[0,1],[1,0],[1,0],[-1,0],[1,0],[0,-1],[1,0],[-1,0],[1,0],[0,-1],[-1,0],[1,0],[0,-1],[1,0],[0,1],[1,0],[0,1],[1,0],[0,1],[1,0],[1,0],[0,1],[1,0],[1,0],[1,0],[0,-1],[1,0],[0,-1],[0,-1],[1,0],[0,-1],[1,0],[1,0],[0,-1],[1,0],[1,0],[1,0],[1,0],[0,-1],[-1,0],[0,-1],[-1,0],[0,-1],[-1,0],[0,1],[0,-1],[-1,0],[1,0],[0,-1],[1,0],[1,0],[0,-1],[1,0],[-1,0],[1,0],[-1,-1],[1,0],[0,1],[1,0],[0,-1],[1,0],[-1,0],[1,0],[-1,1],[1,0],[0,-1],[1,0],[1,0],[0,-1],[-1,0],[1,0],[0,-1],[1,0],[1,-1],[1,0],[1,0],[0,-1],[0,-1],[1,0],[1,0],[0,1],[1,0],[0,-1],[-1,0],[1,0],[1,0],[1,0],[0,1],[1,0],[1,0],[0,-1],[0,-1],[0,1],[-1,-1],[1,0],[0,1],[1,0],[0,-1],[0,1],[0,-1],[-1,0],[1,0],[1,0],[-1,0],[1,0],[0,-1],[1,0],[1,0],[0,1],[0,1]],[[202,383],[1,0],[1,-1],[1,0],[0,-1],[1,0],[1,-1],[0,-1],[1,0],[1,0],[0,-1],[1,0],[0,1],[0,1],[1,0],[1,0],[0,-1],[1,0],[0,-1],[1,0],[1,0],[0,-1],[1,0],[1,0],[0,-1],[1,0],[1,0],[0,-1],[1,0],[1,0],[1,0],[0,-1],[0,-1],[1,-1],[1,0],[0,-1],[-1,0],[1,0],[1,0],[1,0],[0,-1],[1,0],[-1,0],[1,0],[0,-1],[1,0],[1,0],[0,-1],[1,0],[1,-1],[1,0],[1,0],[0,-1],[1,0],[0,1],[1,0],[1,0],[1,0],[0,-1],[1,0],[1,0],[0,-1],[1,0],[1,-1],[1,0],[0,-1],[1,0],[1,0],[1,0],[1,0],[1,0],[1,0],[0,-1],[0,-1],[0,-1],[1,0],[1,0],[1,0],[0,-1],[1,0],[1,0],[1,0],[1,0],[1,0],[0,-1],[1,0],[0,-1],[1,0],[1,0],[0,1],[0,1],[2,0],[1,0],[1,0],[1,0],[0,-1],[1,0],[1,0],[0,-1],[1,0]],[[183,425],[0,1],[1,0],[0,1],[0,1],[1,0],[0,1],[0,-1],[1,0],[1,0],[0,-1],[0,-1],[1,0],[0,-1],[1,0],[0,-1],[0,-1],[1,0],[0,-1],[1,0],[0,-1],[1,0],[1,0],[0,-1],[1,0],[0,-1],[0,1],[1,0],[1,0],[1,0],[1,0],[1,0],[0,-1],[1,0],[0,-1],[0,1],[0,-1],[1,0],[1,0],[0,-1],[1,0],[1,0],[0,-1],[1,0],[0,-1],[-1,0],[0,-1],[1,0],[0,-1],[1,0],[1,0],[0,-1],[1,0],[1,0],[1,-1],[1,0],[0,1],[0,-1],[1,0],[1,0],[0,-1],[1,0],[0,-1],[1,0],[0,-1],[1,0],[1,0],[1,0],[1,0],[0,-1],[-1,0],[-1,0],[-1,0],[0,-1],[0,-1],[-1,0],[0,-1],[-1,0],[0,-1],[-1,0],[0,-1],[-1,0],[-1,0],[0,-1],[0,-1],[-1,0],[0,-1],[-1,0],[0,1],[-1,-1],[-1,0],[0,-1],[1,0],[-1,0],[1,0],[0,-1],[0,-1],[0,-1],[-1,0],[0,-1],[0,1],[0,-1],[-1,0],[0,-1],[0,1],[0,-1],[0,1],[0,-1],[-1,0],[1,0],[0,-1],[0,-1],[1,0],[-1,0],[0,-1],[0,-1],[-1,0],[1,0],[0,-1],[-1,0],[-1,0],[0,-1],[-1,0],[1,0],[-1,-1],[1,0],[-1,0],[0,-1],[-1,-1],[0,-1]],[[346,257],[0,-1],[0,1]],[[346,257],[1,0]],[[347,257],[0,-1],[-1,0],[0,1]],[[352,257],[1,0],[0,-1],[-1,0],[0,1]],[[347,257],[-1,0],[1,0],[-1,0],[1,0]],[[347,257],[0,1],[1,0],[0,-1],[-1,0]],[[350,258],[1,0]],[[351,258],[0,-1],[-1,0],[0,1]],[[354,258],[0,1]],[[354,258],[1,0]],[[355,258],[0,-1]],[[355,257],[-1,0],[0,1]],[[354,259],[1,0]],[[355,259],[0,-1]],[[355,258],[0,-1],[0,1]],[[351,258],[0,1]],[[351,259],[-1,0],[1,0]],[[351,259],[1,0],[0,-1]],[[352,258],[-1,0]],[[343,259],[1,0]],[[344,259],[0,-1]],[[344,258],[-1,0]],[[343,258],[0,-1],[0,1],[0,-1],[0,1],[0,1]],[[346,259],[0,-1],[-1,0]],[[345,258],[1,0],[-1,0]],[[345,258],[0,-1],[0,1],[0,1]],[[345,259],[1,0]],[[346,259],[0,-1],[0,1]],[[355,259],[1,0]],[[356,259],[0,-1],[-1,0]],[[354,258],[-1,0],[0,1]],[[353,259],[0,1]],[[353,259],[1,0]],[[344,259],[1,0]],[[344,259],[0,1]],[[344,260],[1,0]],[[345,260],[0,-1]],[[345,259],[0,-1],[0,-1]],[[345,257],[-1,0],[0,1]],[[343,259],[0,-1],[0,-1]],[[343,257],[0,-1],[-1,0],[0,1],[-1,0],[0,1],[1,0],[0,1]],[[342,259],[-1,0]],[[341,259],[0,-1],[0,1]],[[341,259],[0,1]],[[341,260],[1,0]],[[342,260],[0,-1]],[[342,259],[1,0]],[[355,259],[0,1]],[[355,260],[1,0],[0,-1]],[[351,259],[0,1]],[[351,260],[1,0]],[[352,260],[1,0]],[[352,260],[0,-1]],[[352,259],[0,-1],[0,1],[-1,0]],[[354,259],[0,1]],[[354,260],[1,0]],[[342,261],[1,0],[0,-1]],[[343,260],[-1,0]],[[342,260],[0,1]],[[346,260],[0,-1]],[[345,260],[0,1]],[[345,261],[1,0],[0,-1]],[[346,260],[0,1],[0,-1]],[[351,259],[-1,0]],[[350,259],[0,-1]],[[350,259],[0,1]],[[350,260],[0,1]],[[350,261],[0,-1],[1,0]],[[348,261],[0,-1]],[[348,260],[-1,0],[1,0]],[[348,260],[-1,0],[0,-1],[0,1],[0,-1],[0,1],[-1,0]],[[346,260],[1,0],[0,1],[0,-1],[-1,0]],[[346,260],[1,0],[0,1],[1,0]],[[350,261],[1,0]],[[351,261],[0,-1]],[[351,261],[1,0]],[[352,261],[0,-1]],[[344,261],[0,-1]],[[343,259],[0,1]],[[343,260],[0,1],[0,-1],[0,1],[-1,0],[1,0]],[[343,261],[0,1],[1,0],[0,-1]],[[353,260],[1,0]],[[353,260],[0,-1],[0,1]],[[352,261],[0,1]],[[352,262],[1,0],[0,-1]],[[353,261],[0,-1]],[[341,261],[0,-1]],[[341,259],[-1,0],[0,-1],[-1,0],[-1,0],[0,1],[1,0],[0,1],[0,1],[1,0],[0,1],[0,-1],[1,0]],[[351,261],[0,1]],[[351,262],[1,0]],[[354,260],[0,1]],[[354,261],[0,1]],[[354,262],[1,0]],[[355,262],[0,-1],[0,-1]],[[348,261],[0,1]],[[348,262],[1,0]],[[349,262],[0,-1],[0,-1],[-1,0]],[[345,261],[-1,0]],[[345,261],[0,1]],[[345,262],[0,1],[0,-1],[1,0]],[[346,262],[0,-1]],[[346,261],[-1,0],[1,0],[0,-1]],[[350,261],[0,1]],[[350,262],[0,1]],[[350,263],[0,-1],[1,0]],[[348,262],[0,1]],[[348,263],[1,0]],[[349,263],[0,-1]],[[352,262],[0,1]],[[352,263],[1,0]],[[353,263],[1,0]],[[354,263],[0,-1]],[[354,262],[0,-1],[0,1]],[[354,262],[-1,0]],[[354,261],[-1,0]],[[350,263],[1,0]],[[351,263],[1,0]],[[350,263],[0,1]],[[350,264],[1,0]],[[351,264],[0,-1]],[[350,264],[-1,0],[1,0]],[[350,263],[-1,0]],[[348,263],[0,1]],[[348,264],[1,0]],[[349,264],[1,0]],[[339,264],[1,0],[0,1],[0,-1],[0,-1]],[[340,263],[-1,0],[0,1]],[[352,265],[0,-1],[0,1]],[[352,265],[1,0]],[[353,265],[0,-1]],[[353,264],[0,-1]],[[351,264],[0,1]],[[351,265],[1,0]],[[355,263],[0,1],[-1,0],[1,0],[-1,0],[0,1]],[[354,265],[1,0]],[[355,265],[1,0],[0,-1],[0,-1],[-1,0]],[[352,266],[1,0]],[[353,266],[0,-1]],[[352,265],[0,1]],[[351,265],[0,1],[1,0]],[[352,266],[0,1]],[[352,267],[1,0]],[[353,267],[0,-1]],[[353,266],[1,0]],[[354,266],[0,1]],[[354,266],[1,0],[0,1]],[[354,266],[0,-1]],[[354,265],[-1,0]],[[354,265],[0,-1],[0,1]],[[354,265],[0,-1],[1,0],[0,-1]],[[355,263],[0,-1]],[[355,263],[-1,0]],[[354,263],[0,1]],[[354,264],[-1,0]],[[353,267],[1,0]],[[354,267],[1,0]],[[355,267],[1,0],[0,-1]],[[356,266],[-1,0]],[[355,266],[0,-1]],[[354,267],[0,1]],[[354,268],[1,0],[0,-1]],[[351,268],[0,-1]],[[351,267],[-1,0],[0,-1]],[[350,266],[-1,0]],[[349,266],[0,-1]],[[349,265],[1,0]],[[350,265],[0,-1]],[[349,264],[0,1]],[[349,265],[0,1],[0,1],[0,1],[1,0],[1,0]],[[351,265],[-1,0]],[[350,265],[0,1]],[[350,266],[1,0]],[[351,266],[0,1]],[[351,267],[1,0]],[[352,267],[0,1],[0,-1]],[[352,267],[0,1]],[[352,268],[1,0]],[[353,268],[0,-1]],[[353,268],[1,0]],[[351,268],[1,0]],[[351,268],[0,1],[1,0]],[[352,269],[0,-1]],[[353,270],[0,-1],[0,1]],[[353,270],[0,-1],[1,0]],[[354,269],[0,-1]],[[353,268],[0,1],[-1,0]],[[353,268],[0,1],[0,-1]],[[352,269],[0,1],[-1,0],[1,0],[1,0]],[[355,268],[0,1],[0,-1]],[[355,268],[1,0],[0,-1]],[[356,267],[0,-1],[0,1],[-1,0]],[[354,269],[0,1]],[[354,270],[0,1],[1,0]],[[355,271],[0,-1],[0,-1],[0,-1]],[[352,273],[0,-1]],[[352,272],[-1,0],[0,1],[1,0]],[[352,273],[1,0]],[[353,273],[0,1],[0,-1],[0,1],[0,-1]],[[353,273],[0,-1],[0,-1]],[[353,271],[-1,0]],[[352,271],[0,1]],[[355,271],[-1,0],[0,-1],[0,1],[0,-1]],[[354,270],[-1,0]],[[353,270],[0,1]],[[353,271],[1,0]],[[353,273],[0,1]],[[353,274],[1,0]],[[354,274],[0,-1],[0,-1],[1,0],[0,-1]],[[369,346],[1,0],[0,-1],[-1,0],[0,-1],[1,0],[0,-1],[-1,0],[0,-1],[1,0],[0,-1],[-1,0],[0,-1],[0,1],[0,-1],[-1,0],[0,-1],[-1,0],[0,-1],[0,-1],[0,-1],[0,1]],[[367,337],[-1,0],[1,0]],[[367,337],[0,1]],[[367,338],[-1,0],[0,-1],[0,1],[0,-1],[0,-1],[0,1],[-1,0],[1,0],[-1,0],[0,-1],[1,0],[-1,-1],[0,1],[0,-1],[1,0],[-1,0],[0,-1],[0,1],[0,-1],[0,-1],[-1,0],[0,1],[-1,0],[-1,0],[-1,0],[-1,0],[0,1],[-1,0],[0,1],[-1,0],[-1,0],[1,0],[-1,1],[0,1],[0,1],[-1,0],[1,0],[0,1],[-1,0],[1,0],[-1,0],[1,0],[-1,0],[1,0],[-1,0],[0,1],[0,-1],[0,1],[0,-1],[0,1],[0,-1],[0,1],[0,-1],[0,1],[-1,0],[-1,0],[0,1],[0,-1],[-1,0],[1,0],[0,-1],[-1,0],[1,0],[-1,0],[1,0],[0,-1],[0,1],[1,0],[0,-1],[0,1],[0,-1],[1,0],[0,-1],[-1,0],[-1,0],[0,1],[-1,0],[0,-1],[-1,0],[0,1],[-1,0],[0,1],[-1,0],[0,-1],[0,1],[-1,0],[1,0],[-1,0],[1,0],[-1,0],[0,1],[1,0],[-1,0],[-1,0],[0,1],[0,-1],[0,1],[-1,-1],[0,1],[-1,0],[0,1],[0,-1],[0,1],[-1,0],[0,1],[0,1],[0,-1],[-1,0],[1,0],[-1,0],[0,-1],[0,-1],[-1,0],[1,0],[0,-1],[0,1],[1,0],[1,0],[0,-1],[1,0],[-1,0],[0,-1],[1,0],[-1,0],[-1,0],[0,-1],[-1,0],[0,-1],[0,-1],[-1,0],[-1,0],[0,-1],[-1,0],[0,-1],[0,-1],[-1,0],[0,-1],[0,-1],[-1,0],[1,0],[0,-1],[0,-1],[1,0],[1,0],[1,0],[0,-1],[1,0],[0,-1],[1,0],[1,0],[0,-1],[-1,0],[1,0],[0,-1],[1,0],[0,-1],[0,1],[0,-1],[1,0],[1,0],[0,-1],[0,1],[0,-1],[1,0],[0,1],[1,0],[1,0],[0,-1],[0,-1],[0,-1],[1,0],[1,0],[0,-1],[0,1],[0,-1],[0,1],[0,-1],[1,1],[0,-1],[-1,0],[0,-1],[0,-1],[-1,0],[0,1],[-1,0],[0,-1],[-1,0],[0,1],[0,-1],[-1,0],[0,1],[-1,0],[-1,0],[0,-1],[-1,0],[0,1],[-1,0],[-1,0],[0,-1],[1,0],[-1,-1],[0,-1],[1,0],[-1,0],[0,-1],[-1,0],[1,0],[0,-1],[-1,0],[-1,0],[1,0],[-1,0],[0,-1],[1,0],[-1,0],[-1,0],[0,1],[0,1],[-1,0],[0,-1],[-1,0],[0,-1],[1,0],[-1,0],[1,0],[-1,0],[0,-1],[0,-1],[-1,0],[0,-1],[-1,0],[0,-1],[1,0],[0,-1],[0,-1],[1,0],[1,0],[0,-1],[1,0],[0,-1],[1,0],[1,-1],[1,0],[1,0],[1,0],[0,-1],[0,1],[1,0],[0,-1],[1,0],[1,0],[0,-1],[0,-1],[0,-1],[0,-1],[0,1],[0,-1],[0,-1],[1,0],[-1,0],[0,-1],[0,-1],[-1,0],[0,-1],[-1,0],[0,1],[0,-1],[0,1],[0,-1],[0,-1],[-1,0],[1,0],[0,-1],[-1,0],[0,-1],[1,0],[-1,0],[1,0],[0,-1],[1,0],[0,-1],[1,0],[0,-1],[1,0],[0,-1],[0,-1],[-1,0],[0,-1],[1,0],[-1,0],[0,-1],[0,1],[0,-1],[1,0],[0,-1],[1,0],[0,1],[0,-1],[1,0],[1,0],[1,0],[-1,0],[0,-1],[-1,0],[0,-1],[0,-1],[-1,0],[0,-1],[1,0],[-1,0],[1,0],[0,-1],[0,-1],[1,0],[0,-1],[-1,-1],[1,0],[0,-1],[0,-1],[0,1],[-1,0],[-1,0],[1,0],[-1,0],[0,1],[0,-1],[1,0],[1,0],[0,-1],[0,-1]],[[352,273],[0,-1],[0,1]],[[352,273],[-1,0]],[[351,273],[0,1],[0,-1]],[[351,273],[-1,0],[-1,0],[0,1],[0,-1],[1,0],[1,0]],[[351,273],[0,-1],[1,0]],[[352,271],[0,-1]],[[352,270],[1,0]],[[352,269],[-1,0],[1,0]],[[351,268],[-1,0],[1,0]],[[351,268],[-1,0],[-1,0]],[[349,268],[0,1],[0,1],[1,0],[-1,0],[0,-1],[0,-1]],[[349,268],[0,-1],[0,-1]],[[349,266],[-1,0],[0,1],[0,1],[0,-1],[0,-1],[0,-1],[1,0]],[[349,265],[-1,0],[0,-1]],[[348,263],[-1,0],[0,1],[0,-1],[0,1],[0,-1],[0,-1],[1,0]],[[348,262],[-1,0],[0,1],[0,-1],[-1,0]],[[346,262],[0,1],[1,0],[-1,0],[0,1],[1,0],[0,1],[0,-1],[-1,0],[0,-1],[1,0],[-1,0],[0,-1]],[[346,262],[0,1],[-1,0]],[[345,263],[1,0],[0,1],[-1,0],[1,0],[-1,0],[0,-1]],[[345,263],[1,0],[-1,0]],[[345,263],[0,-1],[0,1],[0,-1]],[[345,262],[-1,0]],[[344,262],[0,1],[1,0]],[[345,263],[-1,0],[1,0]],[[345,263],[-1,0],[0,1],[0,-1],[1,0]],[[344,262],[0,-1]],[[344,262],[0,1],[0,-1]],[[344,262],[-1,0]],[[343,262],[-1,0],[1,0]],[[343,262],[0,-1]],[[343,261],[-1,0]],[[342,260],[0,-1],[0,1]],[[341,261],[0,1],[0,1],[-1,0]],[[340,263],[0,1]],[[340,264],[1,0],[0,1],[1,0],[0,1],[-1,0],[0,1],[0,1],[-1,0],[-1,0],[0,1],[1,0],[-1,0],[0,-1],[-1,0],[-1,0],[0,1],[0,1],[0,1],[0,1],[-1,0],[0,-1],[1,0],[0,-1],[0,-1],[0,-1],[1,0],[1,0],[0,-1],[1,0],[1,0],[0,-1],[0,-1],[-1,0]],[[340,265],[-1,0],[0,-1]],[[339,264],[0,1],[-1,0],[0,1],[-1,0],[1,0],[0,-1],[0,-1],[1,0]],[[339,264],[-1,0],[0,-1],[0,-1],[-1,0],[0,-1],[-1,0],[0,-1],[0,1],[0,-1],[-1,0],[0,-1],[-1,0],[-1,0],[1,0],[-1,0],[1,0],[-1,0],[0,-1],[-1,0],[-1,0],[-1,0],[-1,0]],[[329,258],[0,-1],[0,1],[0,1],[-1,0],[0,1],[-1,0],[-1,0],[0,1],[0,-1],[0,1],[-1,0],[0,1],[0,1],[-1,0],[0,1],[-1,-1],[-1,0],[0,-1],[-1,0],[0,1],[0,1],[0,1],[-1,0],[0,1],[-1,0],[-1,0],[-1,0],[0,1],[-1,0],[0,1]],[[340,343],[0,1],[0,-1]],[[340,343],[0,1],[0,1],[1,0],[0,1],[0,1],[0,1],[0,1],[-1,0],[0,1],[0,1],[-1,0],[0,1],[0,-1],[0,1],[-1,0],[0,1],[0,1],[0,1]],[[351,354],[0,-1],[1,0],[1,0],[0,-1],[0,-1],[0,-1],[0,1],[1,0],[0,-1],[1,0],[1,0],[0,-1],[1,0],[0,-1],[1,0],[1,0],[1,0],[1,0],[0,1],[0,-1],[1,0],[1,0],[1,0],[1,-1],[1,0],[0,-1],[-1,0],[1,0],[1,0],[1,0],[1,0]]]}