{"type":"Topology","transform":{"scale":[0.05845758993759399,0.06078561568810228],"translate":[68.18624877929705,6.754255771636963]},"objects":{"indiamap":{"type":"GeometryCollection","geometries":[{"type":"MultiPolygon","id":1,"arcs":[[[0]],[[1]],[[2]],[[3,4,5,6]],[[7,8,9,10,-11,10,11]],[[12]],[[13]],[[14]],[[15,16]],[[17,18]],[[19,20,-18]],[[21]],[[22]],[[23,24,25]],[[-24,26,27,28]],[[29,30,31,32,-20,33,34,-35,35,35]],[[36,37,-38,37,-38,37,38]],[[-28,39]],[[-31,-38,40,41]],[[42]],[[43,44,45]],[[46,47,48,49,-50,49,-41,-37,50,51,52,53,54,55,56,57]],[[-52,58,59,-44]],[[60,61,62,63]],[[64]],[[65]],[[66,67,68,69,70,71,72,73,66]]],"properties":{"ID_0":105,"ISO":"IND","NAME_0":"India","ID_1":1,"NAME_1":"Andaman and Nicobar","VARNAME_1":"Andaman & Nicobar Islands|Andaman et Nicobar|Iihas de Andama e Nicobar|Inseln Andamanen und Nikobare","TYPE_1":"Union Territor","ENGTYPE_1":"Union Territory","wiki":"q40888"}},{"type":"MultiPolygon","id":2,"arcs":[[[74,75,76,77,77]],[[78,79,80,81,82,83,84,85,86,87,88,89,90,91,92,93,94]]],"properties":{"ID_0":105,"ISO":"IND","NAME_0":"India","ID_1":2,"NAME_1":"Andhra Pradesh","TYPE_1":"State","ENGTYPE_1":"State","wiki":"q1159"}},{"type":"Polygon","id":3,"arcs":[[95,96,97]],"properties":{"ID_0":105,"ISO":"IND","NAME_0":"India","ID_1":3,"NAME_1":"Arunachal Pradesh","VARNAME_1":"Agence de la Frontière du Nord-Est(French-obsolete)|North East Frontier Agency","TYPE_1":"State","ENGTYPE_1":"State","wiki":"q1162"}},{"type":"MultiPolygon","id":4,"arcs":[[[98,99,100,98]],[[101,102,103,104,105,106,107,108,109,110,111,-96,112]]],"properties":{"ID_0":105,"ISO":"IND","NAME_0":"India","ID_1":4,"NAME_1":"Assam","TYPE_1":"State","ENGTYPE_1":"State","wiki":"q1164"}},{"type":"MultiPolygon","id":5,"arcs":[[[113,114,115,116,117,118]]],"properties":{"ID_0":105,"ISO":"IND","NAME_0":"India","ID_1":5,"NAME_1":"Bihar","TYPE_1":"State","ENGTYPE_1":"State","wiki":"q1165"}},{"type":"Polygon","id":6,"arcs":[[119,120,121]],"properties":{"ID_0":105,"ISO":"IND","NAME_0":"India","ID_1":6,"NAME_1":"Chandigarh","TYPE_1":"Union Territor","ENGTYPE_1":"Union Territory","wiki":"q43433"}},{"type":"Polygon","id":7,"arcs":[[122,-90,123,124,125,126,127,128,129]],"properties":{"ID_0":105,"ISO":"IND","NAME_0":"India","ID_1":7,"NAME_1":"Chhattisgarh","TYPE_1":"State","ENGTYPE_1":"State","wiki":"q1168"}},{"type":"Polygon","id":8,"arcs":[[130,131,132]],"properties":{"ID_0":105,"ISO":"IND","NAME_0":"India","ID_1":8,"NAME_1":"Dadra and Nagar Haveli","VARNAME_1":"DAdra et Nagar Haveli|Dadra e Nagar Haveli","TYPE_1":"Union Territor","ENGTYPE_1":"Union Territory","wiki":"q46107"}},{"type":"MultiPolygon","id":9,"arcs":[[[133,134,135]]],"properties":{"ID_0":105,"ISO":"IND","NAME_0":"India","ID_1":9,"NAME_1":"Daman and Diu","TYPE_1":"Union Territor","ENGTYPE_1":"Union Territory","wiki":"q66710"}},{"type":"Polygon","id":10,"arcs":[[136,137,138]],"properties":{"ID_0":105,"ISO":"IND","NAME_0":"India","ID_1":10,"NAME_1":"Delhi","TYPE_1":"Union Territor","ENGTYPE_1":"Union Territory Capital","wiki":"q1353"}},{"type":"MultiPolygon","id":11,"arcs":[[[139,140,141,142,143,139]]],"properties":{"ID_0":105,"ISO":"IND","NAME_0":"India","ID_1":11,"NAME_1":"Goa","VARNAME_1":"Gôa","TYPE_1":"State","ENGTYPE_1":"State","wiki":"q1171"}},{"type":"MultiPolygon","id":12,"arcs":[[[144,145]],[[146,147]],[[148]],[[149]],[[150]],[[151,151,152,153,154,155]],[[156,157,158,159]],[[160,161,162,163,164,165,-166,166,167,161]],[[168,-164,169,170,171]],[[172,173,174,175,176,177]],[[178,179,180,181,182,-183,182,-183,182,-183,183,168,-169]],[[184,185,186]],[[187,179,188,-189,-180,179,-180,179,-180,-179,189]],[[190,191,192,193,-194,194]],[[-195,195,-196,195,180,-181,188,196,197,190]],[[-190,-172,198,199,-168,200,-186,-185,201,-202,201,202,-197,203]],[[204,205,-131,206,207,208,208,209,210,211,212,213,214,215,216,-150,217,218,219,220,221,222,223,224,225,226,227,228,-158,229,-175,230,231,232,233,-234,234,235,236]]],"properties":{"ID_0":105,"ISO":"IND","NAME_0":"India","ID_1":12,"NAME_1":"Gujarat","VARNAME_1":"Goudjerate|Gujerat|Gujerate","TYPE_1":"State","ENGTYPE_1":"State","wiki":"q1061"}},{"type":"Polygon","id":13,"arcs":[[-139,237,238,239,240,241,241,242,243,244,245,246,247]],"properties":{"ID_0":105,"ISO":"IND","NAME_0":"India","ID_1":13,"NAME_1":"Haryana","TYPE_1":"State","ENGTYPE_1":"State","wiki":"q1174"}},{"type":"Polygon","id":14,"arcs":[[-247,-246,248,249,250,251,252,253,254,255,256,257,258,259,260,261,262,263,264,265,266,267,268,269,270,271,271,272,273,274,275,276,277,278,279,280,281,282,283,284,285,286,287,288,289,290,291,292,293,294]],"properties":{"ID_0":105,"ISO":"IND","NAME_0":"India","ID_1":14,"NAME_1":"Himachal Pradesh","TYPE_1":"State","ENGTYPE_1":"State","wiki":"q1177"}},{"type":"Polygon","id":15,"arcs":[[-264,666,-262,667,668,669,670,671,672,673,674,-251,675,676,677,678,679,302,680,681,682,683,684,685,686,687,688,689,690,691,692,693,694,695,316,696,697,698,699,700,701,702,703,704,705,-293,706,707,708,709,710,711,712,713,-282,714,715,716,717,718,719,-270,720,721,722,723,724,725]],"properties":{"ID_0":105,"ISO":"IND","NAME_0":"India","ID_1":15,"NAME_1":"Jammu and Kashmir","TYPE_1":"State","ENGTYPE_1":"State","wiki":"q1180"}},{"type":"Polygon","id":16,"arcs":[[324,325,326,-129,327,-116,328]],"properties":{"ID_0":105,"ISO":"IND","NAME_0":"India","ID_1":16,"NAME_1":"Jharkhand","VARNAME_1":"Vananchal","TYPE_1":"State","ENGTYPE_1":"State","wiki":"q1184"}},{"type":"MultiPolygon","id":17,"arcs":[[[329,330,331,332,333,334,335,-87]]],"properties":{"ID_0":105,"ISO":"IND","NAME_0":"India","ID_1":17,"NAME_1":"Karnataka","VARNAME_1":"Maisur|Mysore","TYPE_1":"State","ENGTYPE_1":"State","wiki":"q1185"}},{"type":"MultiPolygon","id":18,"arcs":[[[336,337]],[[338,339,340,340,340,341,342,343,-344,344,345,-331,346,347]]],"properties":{"ID_0":105,"ISO":"IND","NAME_0":"India","ID_1":18,"NAME_1":"Kerala","TYPE_1":"State","ENGTYPE_1":"State","wiki":"q1186"}},{"type":"MultiPolygon","id":19,"arcs":[[[348]]],"properties":{"ID_0":105,"ISO":"IND","NAME_0":"India","ID_1":19,"NAME_1":"Lakshadweep","VARNAME_1":"Íles Laquedives|Laccadive|Minicoy and Amindivi Islands|Laccadives|Lackadiverna|Lakkadiven|Lakkadi","TYPE_1":"Union Territor","ENGTYPE_1":"Union Territory","wiki":"q26927"}},{"type":"Polygon","id":20,"arcs":[[-126,349,-237,350,351,-127]],"properties":{"ID_0":105,"ISO":"IND","NAME_0":"India","ID_1":20,"NAME_1":"Madhya Pradesh","TYPE_1":"State","ENGTYPE_1":"State","wiki":"q1188"}},{"type":"MultiPolygon","id":21,"arcs":[[[352]],[[-124,-89,353,-335,354,355,356,357,358,359,360,361,-207,-133,-132,-205,-350,362,124]]],"properties":{"ID_0":105,"ISO":"IND","NAME_0":"India","ID_1":21,"NAME_1":"Maharashtra","TYPE_1":"State","ENGTYPE_1":"State","wiki":"q1191"}},{"type":"Polygon","id":22,"arcs":[[363,364,-103,365,366,367,368]],"properties":{"ID_0":105,"ISO":"IND","NAME_0":"India","ID_1":22,"NAME_1":"Manipur","TYPE_1":"State","ENGTYPE_1":"State","wiki":"q1193"}},{"type":"Polygon","id":23,"arcs":[[-108,369,-100]],"properties":{"ID_0":105,"ISO":"IND","NAME_0":"India","ID_1":23,"NAME_1":"Meghalaya","TYPE_1":"State","ENGTYPE_1":"State","wiki":"q1195"}},{"type":"Polygon","id":24,"arcs":[[370,-105,-104,-364,371]],"properties":{"ID_0":105,"ISO":"IND","NAME_0":"India","ID_1":24,"NAME_1":"Mizoram","TYPE_1":"State","ENGTYPE_1":"State","wiki":"q1502"}},{"type":"Polygon","id":25,"arcs":[[-102,-113,372,373,-367]],"properties":{"ID_0":105,"ISO":"IND","NAME_0":"India","ID_1":25,"NAME_1":"Nagaland","TYPE_1":"State","ENGTYPE_1":"State","wiki":"q1599"}},{"type":"MultiPolygon","id":26,"arcs":[[[374,375,376,-92]],[[377]],[[378,379,380]],[[381,382,383,384,385,386,387,388,-376,389,389,390,-91,-123,129,-327,-326,391,392]]],"properties":{"ID_0":105,"ISO":"IND","NAME_0":"India","ID_1":26,"NAME_1":"Odisha","TYPE_1":"State","ENGTYPE_1":"State","wiki":"q22048"}},{"type":"MultiPolygon","id":27,"arcs":[[[393,394]],[[395]],[[396,397,-398]]],"properties":{"ID_0":105,"ISO":"IND","NAME_0":"India","ID_1":27,"NAME_1":"Puducherry","VARNAME_1":"Pondicherry|Puduchcheri|Pondichéry","TYPE_1":"Union Territor","ENGTYPE_1":"Union Territory","wiki":"q66743"}},{"type":"Polygon","id":28,"arcs":[[-244,398,-122,-121,241,241,-241,399,400,401,402,-303,-302,-301,-300,-299,-298,-297,249,-296,-251,-250,-249,-245]],"properties":{"ID_0":105,"ISO":"IND","NAME_0":"India","ID_1":28,"NAME_1":"Punjab","TYPE_1":"State","ENGTYPE_1":"State","wiki":"q22424"}},{"type":"Polygon","id":29,"arcs":[[403,-351,-236,404,-401,405,-239]],"properties":{"ID_0":105,"ISO":"IND","NAME_0":"India","ID_1":29,"NAME_1":"Rajasthan","VARNAME_1":"Greater Rajasthan|Rajputana","TYPE_1":"State","ENGTYPE_1":"State","wiki":"q1437"}},{"type":"Polygon","id":30,"arcs":[[406,407]],"properties":{"ID_0":105,"ISO":"IND","NAME_0":"India","ID_1":30,"NAME_1":"Sikkim","TYPE_1":"State","ENGTYPE_1":"State","wiki":"q1505"}},{"type":"MultiPolygon","id":31,"arcs":[[[408]],[[409,410,-347,-330,411,412,413,414]]],"properties":{"ID_0":105,"ISO":"IND","NAME_0":"India","ID_1":31,"NAME_1":"Tamil Nadu","VARNAME_1":"Madras|Tamilnad","TYPE_1":"State","ENGTYPE_1":"State","wiki":"q1445"}},{"type":"Polygon","id":32,"arcs":[[-371,415,-106]],"properties":{"ID_0":105,"ISO":"IND","NAME_0":"India","ID_1":32,"NAME_1":"Tripura","TYPE_1":"State","ENGTYPE_1":"State","wiki":"q1363"}},{"type":"Polygon","id":33,"arcs":[[-328,-128,-352,-404,-238,-138,136,-248,416,417,418]],"properties":{"ID_0":105,"ISO":"IND","NAME_0":"India","ID_1":33,"NAME_1":"Uttar Pradesh","VARNAME_1":"United Provinces","TYPE_1":"State","ENGTYPE_1":"State","wiki":"q1498"}},{"type":"Polygon","id":34,"arcs":[[-295,419,-417]],"properties":{"ID_0":105,"ISO":"IND","NAME_0":"India","ID_1":34,"NAME_1":"Uttarakhand","VARNAME_1":"Uttarakhand","TYPE_1":"State","ENGTYPE_1":"State","wiki":"q1499"}},{"type":"MultiPolygon","id":35,"arcs":[[[420,421,422]],[[423]],[[424,425]],[[426,427]],[[428,429,430,431,-429]],[[432,433,434,-430,-429]],[[435,436,437,438]],[[439,440,441,442]],[[443,444,445,446,447]],[[448,449,-434]],[[450,-451,451,428,452]],[[453,-454,454,455,456,457,458,-441]],[[459,460,-460,459,461,462,463,464,465,466]],[[467,468,-449]],[[469,470,-471,471,472,473]],[[-433,474,475,-476,475,-468]],[[476,477,478]],[[-457,479,480,481,482,-446]],[[483,484,427,-428,-485,485,486,487,-474,438]],[[488,489,490,491,492]],[[493,494,-488]],[[-495,495,496,-470]],[[-440,497,498,499,500,-455]],[[-471,-497,501,502,503,504,-505,505]],[[-462,506,507]],[[-502,-496,508,509,-502,501]],[[-476,510,511,512,513]],[[514,515,-492,516]],[[517,518,519,520,521,-481,-518]],[[494,-495,-494,522,523,524,-509]],[[525,526,527,-515]],[[528,529,530,531,532,533,-534,-512,534,-503]],[[535,536,-529,-510,-525]],[[-537,-536,537,538,539,536]],[[540,540,-538,541,-542,541,-527,542,543,544,540]],[[545,546]],[[547,548,549,-530,-537,-540,550,551,552,552]],[[553,554,555]],[[556,557,-548,558]],[[-559,-552,559]],[[560,561,562,563,-564,-557]],[[564,565,-566,566,567,-568,568,569,570,-571,571,572,573,-549,-558,563,-565,564,-564,-563,574,575,-566,-565]],[[-567,565,-576,575,576,577,578,-579,578,-554]],[[-545,579,580,581,582,583,584,585,586]],[[587,588,589,590,591,561,-562,-561,-560]],[[591,-592,592,593,-592,591,-592]],[[594,595,-575,596,-597,-562,561,597,-562,561,-562,-592,591,-594,598,599]],[[600,-576,-596,601,602,603,604]],[[605,606]],[[-606,607,-608,607,608,609,610,611]],[[612,613,-614,613,-614,613,-614,-610,614,615,616,617,618]],[[619,619,620,621,-616,-615,-608,607,-608,622,623,624,625,626,-612,627,628,-599,629,-593,630,630,631,632,633,634,635,-543,-526,525,636,637,638,639,640,641,641,642,643,644,645,646,645,-645,-644,643,647,-648,648,649,650,651,652,-479,-478,477,478,-479,-478,477,653,-463,-508,654,655,656,657,658,659,660,661,324,-329,-115,662,663,-407,664,665,619]]],"properties":{"ID_0":105,"ISO":"IND","NAME_0":"India","ID_1":35,"NAME_1":"West Bengal","VARNAME_1":"Bangla|Bengala Occidentale|Bengala Ocidental|Bengale occidental","TYPE_1":"State","ENGTYPE_1":"State","wiki":"q1356"}}]},"jk":{"type":"GeometryCollection","geometries":[{"type":"Polygon","id":0,"arcs":[[-264,666,-262,667,668,669,670,671,672,673,674,-251,675,676,677,678,679,302,680,681,682,683,684,685,686,687,688,689,690,691,692,693,694,695,316,696,697,698,699,700,701,702,703,704,705,-293,706,707,708,709,710,711,712,713,-282,714,715,716,717,718,719,-270,720,721,722,723,724,725]],"properties":{"ST_CODE":"S09","ST_NAME":"JAMMU & KASHMIR","PC_NAME":"Udhampur","PC_TYPE":"GEN","PC_CODE":"S0905","AREA":17318.1232106,"PC_NO":5,"FLAG":-1,"PC_HNAME":"ú¬Ö´Ö¯Öã¸ü","PARTY":"INC"}}]}},"arcs":[[[438,7],[0,-1],[0,1],[0,-1],[0,-1],[0,-1],[1,0],[0,-1],[0,-1],[0,-1],[-1,0],[1,0],[-1,0],[0,-1],[1,0],[-1,0],[-1,0],[-1,0],[0,1],[0,1],[0,1],[-1,0],[-1,0],[1,0],[-1,0],[0,1],[1,0],[-1,0],[1,0],[-1,0],[0,1],[1,0],[-1,0],[1,0],[0,1],[1,0],[1,0],[0,1],[1,0]],[[435,10],[1,0],[0,-1],[0,-1],[-1,0],[0,-1],[-1,0],[0,1],[0,1],[1,0],[0,1]],[[431,19],[0,-1],[-1,0],[-1,0],[-1,0],[0,1],[1,0],[0,1],[1,0],[0,-1],[0,-1],[0,1],[1,0]],[[432,19],[0,1],[1,0]],[[433,20],[0,-1],[0,-1],[-1,0],[0,1]],[[432,19],[0,1],[0,-1]],[[432,19],[1,0],[-1,0]],[[432,20],[0,1],[0,-1]],[[432,20],[-1,0],[0,1],[0,1],[0,1],[1,0],[0,-1],[0,-1],[1,0],[0,-1]],[[433,20],[-1,0],[1,0],[-1,0],[0,-1]],[[432,19],[-1,0]],[[431,19],[0,1],[1,0]],[[425,25],[1,0],[-1,0],[0,-1],[1,0],[0,-1],[1,0],[0,-1],[-1,0],[0,1],[-1,0],[0,1],[0,1]],[[420,40],[0,-1],[1,0],[-1,0],[0,-1],[-1,0],[1,0],[-1,0],[-1,0],[0,1],[1,0],[0,1],[1,0]],[[415,67],[1,0],[0,-1],[0,-1],[0,-1],[0,-1],[-1,0],[0,-1],[1,0],[-1,-1],[-1,0],[-1,0],[0,1],[0,1],[0,1],[0,1],[-1,0],[1,0],[-1,0],[1,1],[0,-1],[0,1],[1,0],[0,1],[1,0]],[[417,77],[1,0],[0,-1]],[[418,76],[0,-1],[-1,0],[1,0],[0,-1],[0,1],[0,-1],[-1,0],[-1,0],[0,1],[1,0],[0,1],[-1,0],[1,0],[0,1]],[[416,78],[0,-1]],[[416,77],[-1,0],[0,1],[1,0]],[[416,78],[1,0],[0,-1]],[[417,77],[-1,0]],[[410,78],[1,0],[0,-1],[-1,0],[0,1],[0,1],[0,-1]],[[423,86],[0,-1],[1,0],[0,-1],[-1,0],[0,1],[-1,0],[0,1],[1,0]],[[424,88],[0,-1]],[[424,87],[0,-1],[0,1]],[[424,87],[-1,0],[0,1],[0,-1],[0,1],[-1,0],[1,0],[1,0]],[[424,88],[0,1]],[[424,89],[1,0]],[[425,89],[0,-1],[0,-1],[-1,0]],[[418,89],[1,0]],[[419,89],[0,-1],[0,-1]],[[419,87],[0,-1],[0,-1],[0,1],[0,-1],[-1,0],[1,0],[-1,0],[1,0],[-1,0],[0,-1],[0,-1],[0,-1],[0,1],[1,0],[0,1],[0,1],[0,-1],[0,1],[0,-1],[1,0],[-1,0],[1,0],[-1,0],[1,0],[-1,0],[1,0],[-1,0],[0,-1],[0,-1],[0,-1],[0,-1],[0,1],[0,-1],[-1,0],[0,-1],[0,1],[-1,0],[0,-1],[1,0],[0,1],[0,-1],[0,1],[1,0],[-1,0],[1,0],[0,-1],[0,-1],[-1,0],[0,-1]],[[418,77],[0,-1],[0,1],[-1,0]],[[416,78],[0,1],[1,0],[-1,0],[0,1],[0,1],[0,-1],[0,1],[-1,0],[1,0],[-1,0],[1,0],[-1,0],[1,0],[0,1],[-1,0],[1,0],[-1,0],[0,1],[0,1],[1,0],[0,1],[0,-1],[0,-1],[0,1],[0,1],[1,0],[-1,0],[1,0],[0,1],[0,1],[0,1],[0,1],[1,0]],[[418,89],[0,1]],[[418,89],[0,-1],[0,1]],[[418,90],[1,0]],[[419,90],[0,-1]],[[419,89],[-1,0],[0,1]],[[424,89],[0,1],[1,0],[0,-1]],[[419,90],[1,0],[1,0]],[[421,90],[0,-1],[0,-1],[-1,0],[0,-1],[-1,0]],[[421,92],[0,-1],[0,1],[0,-1],[-1,0],[0,1],[1,0]],[[418,99],[0,1]],[[418,100],[1,0]],[[419,100],[-1,-1]],[[421,92],[-1,0]],[[420,92],[0,1],[0,-1]],[[420,92],[0,-1],[1,0]],[[421,91],[0,-1]],[[418,90],[0,1],[0,1],[0,1],[0,1],[0,1],[0,1],[0,-1],[0,1],[1,0],[0,-1],[0,1],[1,0],[-1,0],[0,1],[0,-1],[0,1],[-1,0],[1,0],[0,1],[-1,0]],[[418,98],[0,1]],[[418,99],[1,0],[0,1]],[[419,100],[0,-1],[0,1]],[[419,100],[1,0]],[[420,100],[1,0],[0,1],[0,-1]],[[421,100],[1,0],[0,-1],[0,-1],[1,0],[0,-1],[-1,0],[1,0],[0,-1],[-1,0],[1,0],[-1,0],[0,-1],[1,0],[0,-1],[0,-1],[-1,0],[0,-1],[-1,0]],[[421,92],[0,1],[-1,0],[1,0],[0,-1]],[[418,98],[-1,0],[0,1],[0,1],[1,0]],[[418,100],[-1,0],[0,1],[0,-1],[0,1],[1,0],[-1,0],[1,0],[0,1],[0,-1],[0,-1]],[[422,101],[0,1],[1,0]],[[423,102],[0,-1],[0,1]],[[423,102],[0,-1],[-1,0]],[[422,101],[1,0],[-1,0]],[[419,104],[-1,-1],[0,1],[1,0]],[[445,109],[0,-1],[-1,0],[0,1],[1,0]],[[423,102],[0,1],[0,-1]],[[423,102],[-1,0]],[[422,102],[0,1],[-1,0],[1,0],[0,-1]],[[422,102],[-1,0],[1,0]],[[422,102],[0,-1],[0,1]],[[422,102],[-1,0],[0,-1]],[[421,101],[0,-1],[-1,0]],[[420,100],[0,1],[0,1],[0,1],[0,1],[0,-1],[0,1],[1,0],[-1,0],[0,1],[0,1],[1,0],[-1,0],[0,1],[0,1],[1,0],[-1,0],[1,0],[0,1],[0,1],[1,0],[1,0],[0,1],[0,-1],[0,1],[1,0],[0,-1],[0,-1],[-1,0],[1,0],[0,-1],[-1,0],[1,0],[1,0],[-1,0],[0,-1],[0,1],[0,-1],[0,1],[-1,0],[-1,0],[1,0],[0,-1],[1,0],[0,-1],[0,1],[0,-1],[0,-1],[0,-1],[0,-1],[-1,0],[0,-1]],[[241,163],[0,-1],[0,-1]],[[241,161],[0,1],[-1,0]],[[240,162],[0,1],[1,0]],[[241,163],[1,0],[-1,0]],[[240,163],[0,-1]],[[240,162],[0,-1],[1,0]],[[241,161],[-1,0],[0,-1],[-1,0],[-1,0],[-1,0],[0,-1],[-1,0],[0,-1],[-1,0],[-1,0],[-1,0],[0,-1],[-1,0],[-1,0],[0,-1],[0,1],[-1,0],[-1,0],[-1,0],[-1,0],[-1,0],[-1,0],[-1,0],[1,0],[-1,0],[1,0],[-1,0],[0,-1],[-1,0],[0,-1],[-1,0],[1,0],[-1,0],[0,-1],[0,-1],[0,1],[0,-1],[-1,0],[1,0],[-1,0],[0,-1],[0,-1],[-1,0],[0,-1],[0,-1],[-1,0],[0,-1],[-1,0],[0,-1],[0,-1],[-1,0],[-1,0],[-1,0],[0,1],[0,-1],[0,1],[0,1],[0,1],[-1,0],[-1,0],[-1,0],[-1,0],[0,-1],[-1,0],[-1,0],[-1,0],[0,-1],[-1,0],[0,-1],[-1,0],[0,-1],[-1,0],[0,-1],[0,-1],[-1,0],[0,-1],[0,-1],[-1,0],[0,-1],[0,-1],[0,-1],[-1,0],[1,0],[-1,0],[0,-1],[0,-1],[0,-1],[0,-1],[0,-1],[1,0],[0,-1],[0,-1],[-1,0],[0,1],[0,-1],[1,0],[0,-1],[1,0],[0,-1],[-1,0],[1,0],[0,1],[-1,0],[1,0],[0,-1],[0,-1],[1,0],[0,-1],[-1,0],[0,-1],[0,-1],[0,-1],[0,-1],[-1,0],[0,-1],[0,-1],[0,-1],[0,1],[0,-1],[1,0],[0,-1],[0,-1],[0,1],[0,-1],[0,-1],[1,0],[0,-1],[0,-1],[0,-1],[0,-1],[0,-1],[0,-1],[1,0],[0,-1],[0,-1]],[[206,109],[1,0],[-1,0],[1,0],[0,-1],[-1,0],[0,1]],[[206,109],[0,1],[0,1],[-1,0],[0,1],[-1,0],[0,1],[0,1],[-1,0],[0,-1],[1,0],[0,-1],[-1,0],[0,1],[0,-1],[0,1],[0,-1],[-1,0],[0,-1],[1,0],[0,-1]],[[203,110],[1,0],[0,-1]],[[204,109],[0,1],[0,-1]],[[204,109],[1,0],[1,0],[0,-1],[1,0],[-1,0],[0,1],[-1,0],[-1,0],[-1,0],[0,1],[-1,0],[-1,0],[1,0],[0,-1],[-1,0],[0,-1],[-1,0],[-1,0],[0,-1],[-1,0],[-1,0],[-1,0],[1,-1],[1,0],[-1,0],[0,-1],[0,1],[-1,0],[0,-1],[0,1],[0,1],[-1,0],[0,-1],[0,1],[-1,0],[0,-1],[-1,1],[-1,0],[0,1],[-1,0],[0,-1],[0,-1],[1,0],[-1,0],[0,-1],[-1,0],[0,-1],[-1,0],[-1,0],[0,-1],[-1,0],[0,-1],[-1,0],[-1,0],[0,1],[-1,0],[-1,0],[-1,0],[0,-1],[1,0],[-1,0],[0,1],[-1,0],[-1,0],[-1,0],[0,-1],[-1,0],[0,-1],[0,-1],[0,1],[0,-1],[-1,0],[0,-1],[0,-1],[-1,0],[0,-1],[0,-1],[0,1],[-1,0],[1,0],[-1,0],[0,-1],[1,0],[-1,0],[0,-1],[-1,0],[-1,0],[0,1],[-1,0],[0,1],[-1,0],[0,-1],[-1,0],[0,1],[1,0],[0,1]],[[171,98],[0,1],[1,0],[0,1],[1,0],[-1,0],[1,0],[0,1],[0,-1],[1,0],[1,0],[0,-1],[0,1],[-1,0],[0,1],[1,0],[0,1],[0,1],[1,0],[0,1],[0,1],[1,0],[-1,0],[1,0],[0,1],[0,1],[-1,0],[0,-1],[0,1],[-1,0],[-1,0],[-1,0],[0,1],[1,0],[0,-1],[0,1],[-1,0],[0,1],[0,1],[1,0],[0,1],[-1,0],[-1,0],[-1,0],[-1,0],[0,1],[-1,0],[-1,0],[0,1],[1,0],[0,1],[-1,0],[1,0],[0,1],[0,1],[-1,0],[-1,0],[0,-1],[-1,0],[0,1],[1,0],[0,1],[-1,0],[0,-1],[-1,1],[-1,0],[0,-1],[-1,-1],[-1,0],[0,-1],[-1,0],[-1,0],[1,0],[-1,0],[-1,-1],[0,1],[0,-1],[-1,0],[0,1],[0,1],[-1,0],[-1,0],[0,1],[0,-1],[-1,0],[0,1],[-1,-1],[0,1],[-1,0],[0,1],[0,-1],[-1,0],[0,-1],[1,0],[0,-1],[-1,0],[-1,0],[-1,0],[0,1],[-1,0],[1,0],[0,1],[1,0],[0,1],[-1,0],[0,1],[-1,0],[0,1],[1,0],[-1,0],[0,1],[0,1],[0,-1],[-1,0],[0,1],[1,0],[0,1],[0,-1],[1,0],[0,-1],[0,-1],[1,0],[1,0],[0,-1],[1,0],[1,0],[0,1],[1,0],[0,-1],[0,1],[0,-1],[1,0],[0,-1],[0,-1],[1,0],[0,1],[0,1],[-1,0],[1,0],[-1,0],[0,1],[0,1],[1,0],[-1,0],[0,1],[1,0],[1,0],[1,0],[0,1],[-1,0],[0,1],[0,1],[-1,0],[-1,0],[0,-1],[1,0],[0,-1],[-1,0],[0,1],[-1,0],[0,1],[-1,0],[-1,0],[-1,0],[0,-1],[0,-1],[-1,0],[-1,0],[-1,0],[0,1],[0,1],[-1,0],[0,1],[1,0],[0,1],[1,0],[-1,0],[-1,0],[-1,0],[-1,1],[0,1],[0,-1],[0,1],[0,1],[0,1],[1,0],[-1,0],[0,1],[1,0],[0,1],[0,1],[1,0],[0,1],[-1,0],[-1,0],[0,1],[0,1],[1,0],[1,0],[0,-1],[1,0],[1,0],[1,0],[1,0],[0,1],[1,1],[-1,0],[1,0],[0,1],[-1,0],[0,1],[1,0],[-1,0],[1,0],[-1,1],[-1,0],[0,1],[0,1],[-1,0],[0,1],[-1,0],[1,0],[0,1],[0,1],[1,0],[1,0],[-1,1],[0,1],[0,1],[-1,0],[1,0],[0,1],[1,1],[1,0],[1,0],[1,0],[1,0],[1,0],[1,0],[1,0],[0,1],[-1,0],[0,1],[1,0],[-1,0],[0,1],[1,0],[-1,0],[0,1],[0,1],[1,0],[-1,0],[1,1],[1,0],[0,1],[-1,0],[-1,1],[-1,-1],[-1,1],[-1,0],[-1,0],[0,1],[1,0],[0,1],[0,-1],[1,0],[0,1],[1,0],[0,1],[1,0],[0,1],[-1,0],[0,1],[1,0],[-1,0],[0,1],[1,0],[0,-1],[0,1],[0,1],[0,1],[0,1],[0,1],[0,1],[-1,0],[0,1],[-1,0],[0,1],[1,0],[-1,0],[1,0],[0,1],[1,0],[-1,0],[0,1],[1,0],[0,1],[0,-1],[1,1],[0,1],[1,0],[0,1],[1,0],[1,0],[-1,0],[-1,1],[-1,0],[-1,0],[-1,0],[1,1],[-1,0],[1,0],[0,1],[0,1],[1,0],[1,0],[0,1],[-1,0],[1,0],[0,1],[0,-1],[0,1],[1,0],[-1,1],[1,0],[0,1],[-1,0],[-1,0],[0,1],[1,0],[0,1],[0,1],[0,1],[0,1]],[[160,189],[-1,0],[1,0],[-1,0]],[[159,189],[0,1],[0,1],[1,0],[0,1],[-1,0],[1,0],[0,1],[1,0],[1,0],[1,0],[0,1],[0,1],[-1,0],[1,1],[1,0],[0,1],[0,1],[1,0],[1,0],[0,1],[-1,0],[-1,0],[1,0],[-1,0],[0,1],[-1,0],[0,1],[1,0],[0,1],[0,1],[1,0],[-1,0],[1,1],[0,1],[0,1],[1,0],[1,0],[0,-1],[1,0],[0,-1],[1,0],[1,0],[0,1],[0,1],[0,1],[1,0],[0,1],[1,0],[0,1],[0,1],[0,1],[0,1],[1,0],[0,1],[0,1],[0,1],[-1,0],[0,1],[1,0],[0,-1],[1,0],[0,-1],[1,0],[1,0],[1,0],[1,0],[1,0],[0,-1],[1,0],[0,1],[1,-1],[1,0],[0,-1],[0,-1],[0,1],[1,0],[1,-1],[-1,0],[1,0],[0,-1],[-1,0],[1,0],[0,-1],[1,1],[0,-1],[1,0],[1,0],[0,-1],[1,0],[0,1],[0,1],[0,1],[1,0],[0,-1],[1,0],[1,0],[0,-1],[1,0],[1,0],[0,1],[0,-1],[1,0],[1,1],[1,0],[1,0],[0,1],[0,-1],[1,0],[0,-1],[1,0],[1,0],[0,-1],[0,-1],[1,0],[0,-1],[-1,0],[1,-1],[-1,0],[0,-1],[0,-1],[-1,-1],[0,-1],[1,0],[0,-1],[0,-1],[0,-1],[-1,0],[1,0],[0,-1],[1,0],[1,0],[0,-1],[1,0],[0,-1],[0,1],[1,0],[0,-1],[0,1],[1,0],[1,0]],[[206,196],[0,-1],[1,0],[0,-1],[1,0],[1,1],[1,0],[0,-1],[1,0],[0,-1],[1,0],[0,-1],[1,0],[0,-1],[1,0],[-1,-1],[1,0],[0,-1],[0,-1],[1,0],[-1,0],[0,-1],[1,0],[0,1],[1,0],[0,-1],[0,-1],[1,0],[0,1],[1,0],[0,-1],[-1,0],[0,-1],[1,0],[0,-1],[0,-1],[0,-1],[0,-1],[1,0],[1,0],[1,0],[1,0],[1,0],[1,0],[1,0]],[[225,181],[1,0],[1,0],[1,0],[1,0],[1,1],[0,-1],[1,1],[1,0],[0,1],[1,0],[1,0],[1,1],[0,1],[1,0],[0,-1],[0,1],[1,0],[1,0],[0,-1],[1,0],[0,-1],[1,0],[0,1],[0,1],[0,-1],[1,0],[0,1],[0,-1],[0,1],[0,1],[1,0],[-1,0],[0,1],[0,1],[1,0],[0,1],[-1,0],[0,1],[1,0],[0,1],[-1,0],[1,0],[0,1],[1,0],[0,1],[1,0],[-1,0],[1,0],[0,-1],[0,1],[0,-1],[0,-1],[1,0],[-1,0],[1,0],[-1,0],[0,-1],[1,0],[1,0],[0,-1],[-1,0],[0,-1],[1,0],[1,1],[1,0],[1,1],[0,1],[1,0],[1,0],[-1,-1],[1,0],[1,0],[1,0],[1,0],[0,1],[-1,0],[0,1],[1,0],[0,1],[-1,0],[0,1],[0,1],[1,1],[0,1],[1,0],[1,0],[0,-1],[0,1],[1,0],[1,1],[0,-1],[0,1],[1,0],[-1,0],[1,0],[0,1],[-1,0],[1,0],[-1,0],[0,1],[1,0],[1,-1],[0,1],[1,0],[0,1],[-1,0],[1,0],[0,-1],[0,1],[0,-1],[1,0],[0,1],[0,1],[1,0],[0,1],[0,-1],[1,0],[-1,0],[1,0],[0,-1],[0,-1],[1,0],[-1,0],[1,0],[0,-1],[1,0],[-1,0],[0,1],[1,0],[0,-1],[1,0],[0,-1],[1,0],[1,0],[1,0],[0,-1],[1,0],[1,0],[1,0],[1,0],[1,0],[0,1],[0,1],[0,-1],[1,0],[0,1],[0,-1],[0,1],[-1,0],[1,0],[1,0],[-1,0],[1,0],[0,1],[1,0],[0,1],[1,0],[0,-1],[1,0],[0,1],[1,0],[0,1],[-1,0],[0,-1],[0,1],[1,0],[0,1],[1,0],[-1,-1],[1,0]],[[282,202],[0,-1]],[[282,201],[0,-1],[-1,0],[0,-1],[0,1],[0,-1],[-1,0],[-1,0],[0,-1],[0,-1],[-1,0],[0,-1],[-1,0],[0,-1],[-1,0],[0,-1],[0,-1],[-1,0],[1,0],[-1,0],[-1,0],[0,-1],[-1,0],[0,-1],[-1,0],[0,-1],[0,-1],[-1,0],[0,-1],[-1,0],[-1,0],[0,-1],[-1,0],[-1,0],[-1,0],[0,-1],[-1,0],[-1,0],[0,-1],[-1,0],[0,-1],[-1,0],[0,-1],[-1,0],[0,-1],[-1,0],[0,-1],[-1,0],[1,0],[-1,0],[-1,0],[0,-1],[0,-1],[-1,0],[1,0],[-1,0],[0,1],[0,-1],[0,-1],[-1,0],[0,-1],[-1,0],[-1,0],[0,-1],[-1,0],[-1,0],[0,-1],[-1,0],[-1,0],[0,-1],[-1,0],[-1,0],[0,-1],[-1,0],[-1,0],[0,-1],[-1,0],[1,0],[-1,0],[-1,0],[0,-1],[-1,0],[0,-1],[-1,0],[0,-1],[-1,0],[0,-1],[-1,0],[0,-1],[0,-1],[0,-1],[1,0],[1,0],[-1,0],[1,0],[0,1],[-1,0],[0,1],[0,-1],[1,0],[0,-1],[-1,0],[0,-1],[0,-1]],[[241,163],[-1,0],[1,0],[-1,0]],[[240,163],[-1,0],[-1,0],[1,0],[1,0]],[[461,333],[1,-1],[0,1],[1,0],[0,1],[1,0],[1,0],[0,1],[0,1],[1,0],[0,1],[1,-1],[1,0],[1,0],[1,0],[0,1],[1,0],[1,0],[1,-1],[0,1],[1,0],[0,1],[1,0],[0,1],[-1,0],[0,1],[0,-1],[0,1],[0,-1],[-1,1],[1,0],[-1,0],[0,-1],[-1,0],[1,0],[-1,0],[0,1],[0,-1],[0,1],[0,1],[0,1],[0,-1],[0,1],[-1,0],[0,1],[0,1],[-1,0],[1,0],[0,1],[1,0],[0,1],[1,0],[0,1],[1,0],[0,1],[-3,0],[-3,0],[-1,-1],[-1,0],[0,-1],[-2,0],[-1,0],[-1,0],[-1,0],[0,-1],[-3,0],[0,-1],[-1,0],[-1,0],[-1,0],[-1,0],[-1,0],[0,-1],[0,1],[-1,0],[0,-1],[0,1],[0,-1],[-1,0],[-1,0],[0,-1],[-1,0],[-1,0],[-1,0],[-1,0],[-1,0],[0,1],[-1,0],[0,-1],[1,0],[0,-1],[-1,0],[-1,0],[0,-1],[-1,-1],[-1,0],[0,-1],[-1,0],[0,-1],[-1,0],[0,-1],[-1,0],[0,-1],[-1,0],[0,-1],[0,-1],[-1,0],[0,-1],[-1,0],[0,-1],[-1,0],[-1,0],[-1,0],[-1,0],[-1,0],[-1,0],[-1,0],[-1,0],[-1,0],[-1,0],[0,-1],[-1,1],[-1,-1],[0,1],[-1,0],[0,1],[-1,0],[-1,0],[-1,0],[0,1],[-1,-1],[-1,1],[0,-1],[-1,-1],[-1,0],[-1,0],[-1,0],[-1,0],[-1,0],[0,-1],[-1,0],[-1,0],[-1,0]],[[408,330],[0,1],[0,1],[-1,0],[0,1],[0,1],[-1,0],[1,0],[0,1],[-1,0],[1,0],[0,1],[0,1],[1,0],[-1,0],[0,1],[0,1],[0,1],[-1,0],[-1,0],[-1,0],[-1,0],[-1,0],[-1,0],[0,1],[-1,0],[0,-1],[0,1],[-1,0],[0,1],[0,1],[0,1],[1,0],[0,1],[-1,0],[-1,0],[0,1],[1,0],[1,0],[1,0],[0,-1],[1,0],[1,0],[0,-1],[1,0],[1,0],[1,0],[1,0],[1,1],[1,0],[0,1],[1,0],[1,0],[0,-1],[0,-1],[1,1],[1,0],[1,0],[1,1],[0,-1],[1,0],[0,1],[1,0],[0,1],[1,0],[1,1],[-1,0],[0,1],[-1,0],[0,1],[1,0],[0,1],[1,0],[1,1],[0,-1],[1,0],[0,1],[1,0],[0,1],[1,0],[0,-1],[0,1],[1,0],[-1,0],[1,1],[1,0],[1,0],[1,0],[0,1],[0,1],[-1,0],[1,0],[0,1],[1,0],[0,1],[0,1],[1,0],[1,1],[1,0],[1,0],[1,0],[1,0],[1,0],[1,0],[1,0],[0,1],[1,0],[1,-1],[0,1],[1,0],[0,1],[1,0],[0,1],[1,0],[1,1],[0,1],[1,1],[0,1],[1,0],[1,0],[0,1],[1,0],[0,1],[1,0],[0,-1],[1,0],[1,1],[0,1],[1,0],[0,1],[1,-1],[1,0],[0,-1],[1,0],[0,-1],[1,0],[1,0],[0,-1],[1,0],[1,0],[-1,0],[0,1],[1,-1],[1,0],[1,0],[1,0],[1,0],[-1,-1],[1,0],[1,0],[0,-1],[1,0],[1,0],[0,1],[1,0],[0,1],[1,0],[0,1],[-1,0],[1,0],[0,1],[1,0],[1,0],[0,1],[1,0],[0,1],[1,0],[0,-1],[0,1],[1,0],[1,0],[1,0],[0,1],[1,0],[0,1],[1,0],[0,-1],[1,0],[0,-1],[1,0],[-1,-1],[1,0],[0,-1],[1,0],[1,0],[0,1],[1,0],[0,-1],[0,-1],[-1,0],[-1,-1],[-1,0],[0,-1],[-1,0],[-1,0],[1,0],[0,-1],[0,-1],[0,-1],[1,0],[1,1],[0,1],[1,0],[1,0],[1,0],[0,1],[1,0],[0,-1],[-1,0],[1,-1],[0,-1],[1,0],[-1,0],[1,0],[0,-1],[1,0],[0,-1],[-1,0],[-1,0],[0,-1],[-1,0],[1,0],[0,-1],[-1,0],[0,-1],[-1,1],[0,-1],[-1,0],[0,-1],[1,0],[-1,-1],[-1,0],[0,-1],[1,0],[1,0],[0,-1],[1,0],[0,1],[0,1],[1,0],[1,0],[1,0],[1,0],[1,0],[0,-1],[1,0],[1,0],[1,0],[0,-1],[1,0],[1,0],[0,1],[1,0],[1,-1],[0,-1],[1,0],[1,0],[1,0],[0,-1],[2,0],[-2,-1],[0,-1],[0,-1],[2,0],[0,1],[0,-1],[0,-1],[0,-1],[0,-1],[-2,0],[0,1],[-1,0],[0,-1],[-1,0],[-1,0],[0,-1],[-1,0],[0,-1],[-1,0],[-1,0],[-1,0],[0,-1],[0,-1],[0,-1],[0,-1],[0,-1],[1,0],[0,-1],[1,0],[0,-1],[1,0],[0,-1],[0,-1],[1,0],[0,-1],[-1,0],[-1,0],[0,1],[-1,0],[-1,0],[-1,0],[0,1],[1,0],[-1,0],[1,1],[-1,0],[-1,0],[0,1],[-1,0],[0,1],[-1,-1],[-1,0],[-1,0],[0,-1],[-1,0],[-1,0],[-1,0],[-1,0],[-1,0],[-1,0],[0,-1],[-1,0],[-1,0],[-1,-1],[-1,-1],[0,-1],[-1,0],[0,-1],[-1,0],[-1,0],[-1,0],[0,-1],[0,-1],[-1,0],[-1,0],[0,-1],[-1,0],[-1,0],[0,-1],[-1,0],[0,-1],[-1,0],[0,-1],[-1,0],[-1,0],[0,1],[-1,0]],[[461,327],[0,-1],[0,1],[0,1],[0,1],[-1,0],[0,1],[1,0],[0,1],[0,1],[0,1]],[[370,308],[-1,0],[1,0]],[[370,308],[0,-1],[-1,0]],[[369,307],[0,1],[1,0]],[[431,305],[0,-1]],[[431,304],[-1,0],[0,-1],[-1,0],[0,-1],[0,-1],[-1,0],[0,-1],[-1,0],[1,0],[-1,0],[0,-1],[1,0],[-1,0],[1,0],[-1,0],[1,0],[0,-1],[-1,0],[0,-1],[-1,0],[1,0],[-1,0],[0,-1],[1,0],[-1,0],[1,0],[-1,0],[-1,0],[0,-1],[0,-1],[-1,0],[1,0],[0,-1],[-1,0],[1,0],[0,-1],[-1,0],[1,0],[-1,0],[0,-1],[0,-1]],[[424,290],[-1,0]],[[423,290],[-1,0],[-1,0],[0,-1],[-1,0],[0,1],[-1,0],[0,1],[0,-1],[-1,0],[0,-1],[-1,0],[0,-1],[0,-1],[-1,0],[-1,0],[0,-1],[-1,0],[0,-1],[0,1],[0,-1],[0,1],[-1,0],[1,0],[-1,0],[0,1],[-1,0],[-1,0]],[[411,287],[-1,0],[1,2],[0,1],[-1,0],[0,1]],[[410,291],[0,1],[0,1],[0,1],[1,0],[0,1],[0,1],[-1,0],[0,1],[0,1],[1,0],[1,-1],[1,0],[1,0],[1,0],[-1,0],[1,0],[0,1],[-1,0],[0,1],[0,-1],[0,1],[-1,0],[0,1]],[[413,300],[1,0],[0,1],[1,0],[0,1],[0,-1],[1,0],[0,1],[0,-1],[1,0],[0,1],[1,0],[0,1],[1,0],[1,0],[-1,0],[0,1],[1,0],[-1,0],[0,1],[1,0],[-1,0],[0,1],[-1,0],[-1,0],[0,1],[0,-1],[0,1],[0,-1],[-1,0],[0,1],[0,1],[1,0],[0,1],[0,-1],[-1,0],[0,1],[-1,0],[-1,0],[0,1],[-1,0],[0,1],[1,0],[-1,0],[-1,0],[-1,0],[-1,0],[0,-1],[-1,0],[0,1],[0,1],[0,1],[0,1],[1,0],[-1,0],[0,1],[1,0],[0,1],[1,1],[-1,0],[-1,0],[-1,-1],[-1,0],[-1,0],[-1,0],[-1,0],[0,1],[-1,1],[0,-1],[-1,0],[-1,0],[1,0],[-1,-1],[0,-1],[0,-1],[-1,0],[-1,1],[1,0],[0,1],[-1,0],[-1,-1],[0,-1],[-1,0],[0,-1],[1,0],[0,1],[0,-1],[-1,0],[-1,0],[-1,0],[-1,-1],[0,-1],[-1,0],[-1,0],[0,1],[0,1],[-1,0],[-1,0],[0,-1],[0,1],[-1,0],[0,-1],[0,1],[0,1],[-1,0],[0,1],[0,-1],[-1,0],[0,1],[-1,0],[-1,-1],[0,1],[-1,0],[-1,-1],[-1,0],[1,0],[-1,1],[0,-1],[-1,0],[0,1],[0,1],[-1,0],[-1,-1],[0,1],[-1,0],[0,-1],[-1,0],[-1,0],[-1,0],[-1,0],[-1,-1],[-1,0],[0,-1],[-1,0],[0,-1],[0,-1],[-1,0],[0,-1],[1,0],[1,-1],[0,-1],[-1,0],[-1,0]],[[370,308],[0,1],[0,1]],[[370,310],[-1,0],[0,1],[0,1],[0,1],[0,1],[1,0],[0,1],[-1,0],[0,-1],[0,1],[1,0],[-1,0],[0,1],[0,-1],[0,1],[-1,0],[1,0],[-1,0],[0,1],[1,0],[-1,0],[0,1],[-1,0]],[[367,318],[0,1],[0,1],[0,1],[1,0],[0,1],[1,0],[0,1],[0,-1],[0,1],[1,0],[0,1],[-1,0],[0,1],[1,0],[0,1],[-1,0],[1,0],[0,1],[-1,0],[1,0],[-1,0],[1,0],[-1,0],[1,0]],[[370,327],[1,0],[1,0],[1,0],[1,0],[0,1],[1,0],[0,1],[1,0],[1,0],[1,1],[1,0],[1,0],[0,-1],[1,0],[0,-1],[1,0],[1,0],[1,0],[1,0],[1,0],[1,0],[1,0],[1,0],[1,0],[1,1],[1,0],[1,0],[1,-1],[1,0],[1,1],[1,0],[0,-1],[1,0],[1,0],[0,1],[1,0],[1,0],[1,0],[1,0],[0,1],[1,0],[1,0],[1,0],[0,-1],[1,0],[0,1],[1,0]],[[461,333],[-1,-1],[-1,0],[0,-1],[-1,0],[-1,0],[-1,0],[-1,0],[0,-1],[-1,0],[0,-1],[0,-1],[-1,0],[-1,0],[0,-1],[-1,0],[-1,0],[1,0],[-1,0],[-1,0],[0,-1],[-1,0],[-1,0],[0,-1],[0,-1],[-1,0],[-1,0],[0,1],[-1,0],[0,-1],[-1,0],[0,-1],[0,-1],[0,-1],[0,1],[0,-1],[-1,0],[0,-1],[-1,0],[0,-1],[-1,0],[0,-1],[0,-1],[0,-1],[-1,0],[1,0],[-1,-1],[1,0],[0,-1],[-1,0],[0,-1],[-1,0],[-1,0],[0,-1],[0,1],[-1,0],[1,0],[-1,0],[1,0],[-1,0],[1,0],[0,1],[0,1],[-1,0],[0,-1],[-1,0],[0,-1],[-1,0],[0,-1],[0,1],[0,-1],[-1,0],[0,-1],[0,1],[0,-1],[-1,0],[1,0],[-1,0],[0,-1],[-1,0],[1,0],[-1,0],[0,-1],[-1,0],[0,-1],[-1,0],[1,0],[0,-1],[1,0],[0,-1],[0,-1]],[[340,324],[-1,0],[0,1],[1,0]],[[340,325],[0,-1],[0,1],[1,0],[1,0],[-1,0],[1,0],[-1,0],[0,-1],[1,0],[-1,0],[1,-1],[0,-1],[1,0],[0,-1],[-1,0],[-1,0],[0,-1],[-1,0],[0,-1],[-1,0],[-1,0],[0,-1],[-1,0],[0,-1],[-1,0],[-1,0],[0,-1],[0,-1],[0,-1],[-1,0],[1,0],[0,-1],[1,0],[0,-1],[1,0],[0,-1],[1,0],[0,-1],[1,0],[-1,0],[1,0],[0,-1],[-1,0],[1,0],[-1,0],[0,-1],[1,0],[-1,0],[-1,0],[1,0],[-1,0],[-1,0],[-1,0],[0,-1],[-1,0],[0,-1],[0,-1],[1,0],[0,-1],[0,-1],[-1,0]],[[334,303],[0,1],[-1,0],[-1,0],[1,0],[-1,0],[1,0],[-1,1],[0,-1],[0,1],[-1,0],[-1,0],[0,-1],[-1,0],[0,1],[0,-1],[0,-1],[-1,0],[-1,0],[-1,0],[0,-1],[0,-1],[-1,0],[-1,0],[0,-1],[-1,0],[0,-1],[0,-1],[0,-1],[-1,0],[0,-1],[0,-1],[0,-1],[0,-1],[-1,0],[1,-1],[-1,0],[0,1],[0,-1],[0,1],[0,-1],[0,1],[-1,0],[-1,0],[1,0],[-1,0],[0,-1],[0,-1],[0,1],[-1,0],[0,-1],[0,1],[-1,0],[0,1],[0,-1],[0,1],[-1,0],[0,-1],[-1,0],[-1,0],[-1,0],[0,-1],[-1,0],[0,-1],[0,-1],[-1,0],[-1,1],[-1,0],[-1,0],[1,0],[0,1],[0,1],[-1,0],[-1,0],[-1,0],[0,1],[0,1],[-1,1],[-1,0],[1,0],[-1,0],[-1,0],[-1,0],[0,1],[-1,0],[-1,0],[-1,0],[0,-1],[0,-1],[-1,0],[0,-1],[0,-1],[-1,0],[-1,0],[0,-1],[-1,0],[-1,0],[-1,0],[-1,0],[-1,0],[0,-1],[0,1],[0,-1],[-1,0],[-1,0],[-1,0],[0,-1],[0,1],[-1,0],[-1,0],[0,-1],[-1,0],[0,1],[-1,0],[1,0],[-1,0],[0,1],[-1,0],[-1,-1],[-1,0],[-1,0],[-1,0],[0,-1],[-1,0],[0,-1],[-1,0],[0,1],[-1,0],[0,1],[-1,0],[-1,0],[1,0],[0,1],[0,1],[-1,0],[0,-1],[-1,0],[0,1],[0,-1],[-1,0],[1,0],[-1,0],[0,-1],[-1,0],[0,1],[0,1],[-1,0],[1,0],[-1,0],[0,1],[-1,0],[0,-1],[-1,0],[0,-1],[-1,0],[-1,0],[-1,0],[-1,0],[-1,0],[-1,0],[-1,0]],[[261,291],[0,1],[0,1],[1,0],[-1,0],[0,1],[0,1],[-1,0],[-1,0],[0,1],[0,1],[-1,0],[1,0],[-1,0],[1,0],[-1,1],[1,0],[-1,0],[0,1],[0,1],[0,1],[1,0],[-1,0],[0,1],[0,1],[1,0],[0,1],[1,-1],[0,1],[0,-1],[0,1],[1,0],[0,1],[1,0],[1,0],[1,0],[-1,1],[1,0],[1,0],[1,0],[0,1],[1,0],[-1,0],[1,0],[0,1],[1,0],[1,0],[0,1],[1,0],[1,0],[0,1],[0,1],[1,0],[1,-1],[1,0],[1,0],[0,1],[1,0],[0,-1],[1,0],[0,1],[0,-1],[1,0],[0,1],[1,0],[0,-1],[0,1],[1,0],[0,1],[-1,0],[0,1],[-1,0],[1,0],[-1,0],[0,1],[-1,0],[-1,0],[0,1],[-1,0],[-1,0],[-1,0],[0,1],[0,-1],[-1,1],[0,-1],[0,1],[0,1],[-1,0],[-1,0],[0,1],[0,1],[0,1],[0,-1],[0,1],[1,-1],[0,1],[1,0],[0,1],[1,0],[-1,0],[0,1],[-1,0],[-1,1],[-1,0],[-1,0],[0,1],[0,1],[1,0],[-1,-1],[1,0],[0,1],[1,0],[0,1],[1,0],[1,0],[1,0],[1,0],[1,0],[1,0],[1,0],[-1,0],[-1,0],[0,1],[0,1],[-1,0],[0,-1],[-1,0],[0,1],[1,0],[0,1],[0,1],[-1,0],[0,-1],[0,1],[0,-1],[-1,0],[1,0],[-1,0],[0,1],[-1,0],[-1,0],[0,1],[0,1],[0,1],[-1,0],[1,0],[0,1],[-1,0],[0,-1],[-1,0],[0,1],[1,0],[0,1],[0,1],[-1,0],[0,1],[0,1],[-1,-1],[0,1],[0,-1],[0,1],[1,0]],[[268,338],[0,1],[-1,0],[1,1],[1,0],[1,0],[0,-1],[0,1],[1,0],[0,1],[1,0],[0,-1],[1,0],[1,0],[0,-1],[1,0],[0,-1],[1,0],[1,0],[1,0],[1,0],[1,0],[0,-1],[1,-1],[0,-1],[0,-1],[0,-1],[-1,0],[1,0],[-1,0],[1,0],[-1,0],[1,0],[0,-1],[1,0],[1,0],[1,0],[1,0],[0,-1],[1,0],[0,-1],[1,0],[-1,0],[1,0],[1,0],[-1,0],[0,-1],[1,0],[0,1],[1,0],[1,0],[0,-1],[0,-1],[1,0],[1,0],[0,-1],[1,1],[1,0],[1,0],[0,1],[1,0],[0,1],[0,-1],[1,0],[0,1],[1,-1],[1,0],[0,-1],[0,-1],[0,-1],[1,0],[1,0],[0,-1],[0,1],[1,0],[1,0],[1,0],[1,0],[1,0],[1,0],[1,0],[1,0],[1,0],[-1,0],[1,0],[1,0],[0,-1],[1,0],[1,0],[0,-1],[1,0],[1,0],[0,-1],[1,0],[1,0],[0,1],[0,-1],[1,0],[0,1],[0,-1],[1,0],[0,1],[1,0],[0,1],[1,0],[0,1],[1,0],[0,-1],[0,-1],[0,-1],[1,0],[1,0],[1,0],[0,-1],[1,0],[1,0],[0,1],[1,0],[1,0],[1,0],[0,-1],[1,0],[1,0],[0,1],[1,0],[1,0],[0,1],[1,0],[0,-1],[0,1],[1,0],[0,-1],[1,0],[-1,0],[1,0],[0,-1],[1,0],[1,0],[-1,0],[1,0],[0,1],[0,-1],[0,1],[0,1],[1,0]],[[340,324],[-1,0],[1,0]],[[147,394],[0,-1]],[[147,393],[-1,0],[-1,0],[0,1],[0,1],[1,0],[0,-1],[0,1],[1,0]],[[147,395],[-1,-1],[1,0]],[[270,258],[0,-1],[0,-1],[-1,0],[0,-1],[-1,0],[-1,0],[-1,0],[0,-1],[-1,0],[0,-1],[-1,0],[-1,0],[-1,-1],[0,-1],[1,0],[-1,0],[-1,0],[1,0],[0,-1],[0,-1],[1,0],[0,-1],[-1,0],[0,-1],[-1,0],[1,0],[-1,0],[-1,-1],[1,0],[-1,0],[1,0],[0,-1],[-1,0],[0,-1],[1,0],[-1,0],[0,-1],[0,1],[-1,0],[0,-1],[0,-1],[-1,0],[0,-1],[0,-1],[1,0],[0,-1],[-1,0],[-1,0],[0,-1],[0,-1],[0,1],[-1,-1],[0,-1],[0,-1],[-1,0],[-1,0],[-1,0],[-1,0],[0,1],[0,-1],[0,1],[-1,0],[-1,-1],[0,1],[0,-1],[0,1],[-1,0],[0,-1],[-1,1],[-1,-1],[0,1],[0,-1],[-1,0],[0,-1],[-1,0],[0,-1],[-1,0],[0,-1],[0,-1],[-1,0],[-1,0],[0,1],[0,-1],[-1,0],[0,1],[0,-1],[0,-1],[0,-1],[0,-1],[1,0],[0,-1],[-1,0],[0,-1],[0,-1],[1,0],[0,-1],[0,1],[0,-1],[1,0],[-1,-1],[0,-1],[1,0],[0,-1],[-1,0],[0,-1],[0,-1],[0,-1],[0,-1],[1,0],[1,0],[1,0],[1,0],[1,0],[0,-1],[0,-1],[1,0],[-1,0],[0,-1],[-1,0],[-1,-1],[0,1],[0,1],[1,0],[-1,0],[-1,0],[0,1],[-1,0],[-1,0],[0,-1],[-1,0],[0,-1],[0,1],[-1,0],[0,1],[0,1],[-1,0],[-1,0],[-1,0],[-1,0],[-1,0],[0,1],[-1,0],[0,-1],[-1,0],[0,-1],[1,-1],[1,0],[0,-1],[1,0],[0,-1],[0,-1],[0,-1],[0,-1],[0,-1],[1,0],[0,-1],[0,-1],[1,0],[0,1],[0,-1],[0,-1],[0,-1],[0,-1],[0,-1],[0,-1],[1,0],[0,-1],[0,-1],[0,-1],[-1,0],[0,-1],[0,-1],[-1,0],[0,-1],[-1,0],[-1,0],[0,-1],[-1,0],[-1,0],[0,-1],[1,0],[1,0],[-1,0],[0,-1],[0,1],[0,-1],[-1,0],[0,-1],[-1,0],[0,-1],[-1,0],[0,-1],[-1,0],[-1,0],[0,-1],[1,0],[-1,0],[-1,0],[0,-1],[-1,0],[0,-1],[0,-1],[0,-1],[-1,0],[0,-1],[0,-1],[0,-1],[-1,0],[0,-1]],[[206,196],[-1,1],[1,0],[1,1],[0,1],[-1,0],[0,1],[0,1],[1,0],[0,1],[0,1],[1,0],[0,1],[1,1],[0,1],[1,0],[0,1],[1,0],[0,-1],[0,-1],[1,0],[0,1],[1,0],[0,-1],[1,0],[0,1],[1,0],[1,0],[-1,0],[0,1],[0,1],[1,0],[0,1],[-1,0],[0,1],[-1,0],[-1,1],[-1,0],[0,1],[1,0],[-1,0],[0,1],[-1,0],[-1,1],[-1,0],[0,-1],[0,1],[-1,0],[1,0],[0,1],[1,0],[0,1],[-1,0],[-1,0],[1,0],[0,1],[0,-1],[1,0],[0,1],[1,1],[-1,0],[0,1],[-1,0],[-1,0],[0,1],[0,1],[1,0],[1,0],[0,1],[1,0],[1,0],[0,1],[-1,0],[0,1],[1,1],[0,1],[0,1],[-1,0],[-1,0],[-1,0],[1,1],[1,0],[0,1],[0,1],[-1,0],[1,0],[0,1],[0,1],[-1,0],[0,1],[-1,0],[0,1],[-1,0],[1,0],[0,1],[0,1],[1,0],[1,0],[0,1],[1,0],[0,1]],[[212,238],[1,0],[-1,0]],[[212,238],[0,1]],[[212,239],[1,0],[0,1],[0,1],[1,0],[0,1],[-1,0],[0,1],[1,0],[0,1],[-1,0],[0,1],[1,0],[-1,0],[1,0],[0,1],[1,0],[0,1],[0,1],[1,0],[-1,0],[1,0],[-1,0],[0,1],[1,0],[0,1],[0,1],[1,1],[1,0],[0,-1],[0,1],[1,0],[0,1],[-1,0],[1,0],[1,0],[0,1],[0,1],[0,1],[0,1],[1,0],[0,1],[1,0],[0,-1],[1,0],[0,1],[1,0],[1,0],[0,-1],[1,0],[0,1],[1,0],[0,1],[0,-1],[1,0],[0,1],[0,-1],[1,0],[0,1],[0,1],[1,0],[0,1],[1,0],[0,-1],[0,1],[0,1],[1,0],[0,1],[-1,0],[1,0],[-1,0],[0,1],[1,0],[1,1],[1,0],[0,1],[0,1],[0,1],[1,0],[1,0],[0,1],[1,-1],[1,0],[0,1],[0,1],[0,1],[1,0],[0,1],[-1,0],[-1,0],[-1,0],[0,1],[-1,0],[0,1],[-1,0],[0,1],[-1,0],[0,-1],[-1,0],[0,1],[-1,0],[-1,0],[-1,0],[0,-1],[0,1],[-1,0],[0,1],[1,0],[0,1],[1,1],[0,1],[-1,0],[0,1],[-1,0],[1,0],[0,1],[-1,0],[1,0],[0,1],[1,0],[0,-1],[0,-1],[1,0],[1,0],[1,0],[1,0],[0,1],[0,-1],[1,0],[1,0],[1,0],[1,0],[1,0],[1,0],[1,0],[0,-1],[0,1],[1,0],[0,-1],[1,0],[0,1],[1,-1],[1,0],[0,1],[-1,0],[1,0],[1,0],[1,0],[0,1],[-1,0],[1,0],[0,1],[1,-1],[0,1],[1,0]],[[249,282],[1,0],[0,-1],[1,0],[1,0],[1,0],[1,0],[1,0],[1,0],[0,1],[0,1],[1,0],[0,1],[1,0],[0,1]],[[258,285],[1,0],[0,-1],[1,0],[1,0],[0,-1],[0,-1],[1,0],[0,-1],[0,-1],[1,0],[1,0],[0,-1],[1,0],[0,-1],[0,-1],[0,-1],[1,0],[1,0],[0,-1],[1,0],[0,1],[1,0],[1,0],[0,-1],[0,-1],[-1,0],[0,-1],[0,-1],[1,0],[1,0],[-1,0],[1,0],[-1,-1],[0,-1],[0,-1],[0,-1],[1,0],[1,0],[0,-1],[0,-1],[0,1],[1,0],[0,-1],[1,0],[1,0],[1,0],[0,-1],[0,-1],[-1,0],[0,-1],[-1,0],[0,-1],[-1,0],[0,-1],[0,-1],[-1,0],[-1,0],[-1,0],[0,-1],[-1,0],[1,-1]],[[270,258],[-1,0],[1,0]],[[81,220],[0,1],[-1,0],[1,0],[0,1],[0,-1],[1,0],[0,1],[0,-1],[0,1],[0,-1],[0,1],[1,0],[0,1],[1,0],[0,-1],[1,0],[0,-1],[-1,0],[0,-1],[-1,0],[0,-1],[1,0],[0,1],[1,0],[1,0],[0,-1]],[[86,219],[-1,0]],[[85,219],[0,-1],[0,-1],[0,1],[-1,0],[-1,0],[-1,0],[0,1],[0,-1],[-1,0],[0,1],[0,1]],[[42,229],[0,1],[0,1],[0,1],[1,0],[0,1],[0,1],[0,-1],[1,0],[1,0],[1,0],[0,-1],[-1,0],[0,-1],[-1,0],[1,0],[1,0],[0,-1],[-1,0],[0,-1]],[[45,229],[0,-1],[-1,0],[0,1],[1,0]],[[45,229],[-1,0],[-1,0],[-1,0]],[[153,362],[1,0],[-1,0]],[[153,362],[1,0],[0,-1],[1,0],[0,-1],[1,0],[-1,0],[0,-1],[1,0],[-1,0],[0,-1],[1,-1]],[[156,357],[-1,0],[-1,0],[0,-1],[-1,-1],[0,1],[-1,0],[0,1],[-1,0],[-1,1],[0,-1],[-1,0],[-1,0],[0,1],[-1,0],[0,1],[1,0],[1,0],[0,1],[0,1],[0,1],[1,0],[1,0],[0,1],[0,-1],[1,0],[1,0]],[[100,133],[-1,0],[1,0]],[[100,133],[0,1],[-1,0],[1,0],[-1,0],[1,0],[-1,0],[1,0],[-1,0],[1,0],[-1,0],[0,1],[-1,0],[0,1],[-1,0],[0,1],[1,0],[0,1],[0,1],[-1,0],[0,1],[0,1],[-1,0],[-1,0],[0,1],[1,0],[1,0],[-1,0],[0,1],[0,-1],[0,1],[0,-1],[0,1],[-1,0],[0,-1],[0,1],[0,1],[-1,0],[0,1],[1,0],[-1,0],[0,1]],[[94,146],[-1,0],[1,0],[1,0],[1,0],[0,1],[1,0],[1,0],[0,-1],[0,-1],[1,0],[1,0]],[[100,145],[1,0]],[[101,145],[1,0],[1,0],[0,-1],[1,0],[-1,-1],[1,-1],[-1,0],[1,0],[0,-1],[0,-1],[1,0],[-1,0],[0,-1],[0,1],[-1,-1],[1,0],[0,-1],[0,-1],[0,-1],[0,-1],[-1,0],[0,-1],[-1,-1],[0,1],[0,-1],[-1,0],[-1,0]],[[25,257],[0,-1],[-1,0]],[[24,256],[0,1],[-1,0],[1,0],[1,0]],[[30,259],[0,-1],[-1,0]],[[29,258],[0,1],[1,0]],[[38,267],[0,-1],[-1,0],[0,1],[1,0]],[[38,267],[0,1],[1,0],[0,-1],[-1,0]],[[7,272],[0,-1],[-1,0],[0,1],[1,0]],[[4,274],[0,-1],[0,1]],[[4,274],[1,0]],[[5,274],[0,-1]],[[5,273],[0,-1],[0,1]],[[5,273],[-1,0],[-1,0],[1,0],[-1,0],[1,0],[-1,0],[1,0],[0,1]],[[4,274],[0,1],[0,1],[1,0]],[[5,276],[0,-1]],[[5,275],[-1,0],[1,0]],[[5,275],[-1,0],[0,-1]],[[1,277],[-1,0],[1,0]],[[1,277],[1,0],[-1,0]],[[1,277],[1,0],[0,1]],[[2,278],[0,1]],[[2,279],[1,0]],[[3,279],[1,0]],[[3,279],[0,-1],[0,-1],[0,-1],[-1,0],[-1,0],[1,0],[-1,0],[1,0],[-1,0],[-1,0],[1,0],[-1,0],[1,0],[-1,0],[0,1]],[[0,277],[1,0]],[[2,280],[0,-1]],[[2,278],[-1,0]],[[1,278],[0,1],[0,-1],[0,1],[0,1]],[[1,280],[1,0]],[[4,279],[0,1]],[[4,280],[1,0]],[[5,280],[0,-1]],[[5,279],[0,-1],[0,1]],[[5,279],[-1,0]],[[4,279],[0,-1],[0,1]],[[2,280],[1,0],[0,1]],[[3,281],[1,0]],[[4,281],[0,-1]],[[4,280],[-1,0]],[[3,280],[0,-1]],[[3,280],[-1,0]],[[1,281],[0,-1]],[[1,280],[-1,0]],[[0,280],[0,1],[1,0]],[[3,281],[-1,0],[1,0]],[[4,281],[0,1]],[[2,280],[0,1],[1,0]],[[5,282],[0,-1],[0,1]],[[5,282],[1,0],[0,-1]],[[6,281],[-1,0]],[[5,281],[0,-1]],[[5,281],[0,1]],[[5,281],[-1,0]],[[4,282],[0,1]],[[4,283],[1,0],[0,-1]],[[1,280],[0,-1],[0,-1]],[[1,278],[0,-1]],[[0,277],[0,1],[0,1],[0,1]],[[1,281],[1,0]],[[2,281],[0,1],[1,0],[0,1],[0,-1],[0,1],[1,0]],[[4,282],[-1,0],[0,-1]],[[101,249],[-1,0],[-1,0],[0,-1],[-1,0],[-1,0],[0,-1],[-1,0],[0,-1],[0,-1],[1,0],[0,-1],[-1,0],[-1,0],[0,-1],[1,0],[0,-1],[0,-1],[1,0],[0,1],[1,0],[1,0],[-1,0],[1,0],[1,0],[1,0],[1,0],[0,1],[0,-1],[1,0],[1,0],[0,1],[0,-1],[0,-1],[-1,0],[-1,0],[-1,0],[-1,0],[0,-1],[-1,0],[-1,0],[0,-1],[0,-1],[-1,0],[0,-1],[-1,0],[0,-1],[-1,0],[-1,0],[0,-1],[-1,0],[-1,1],[0,-1],[1,0],[1,0],[1,0],[-1,0],[0,-1],[1,0],[1,0],[1,0],[0,-1],[0,-1],[1,0],[0,-1],[0,-1],[0,-1],[-1,0],[-1,-1],[0,1],[0,-1],[0,-1],[-1,0],[-1,-1],[-1,0],[0,1],[-1,0],[0,1],[-1,0],[-1,0],[0,1],[-1,0],[0,-1],[0,-1],[1,0],[0,-1],[0,-1],[-1,0],[0,-1],[0,-1],[0,1],[0,-1],[-1,0],[1,0],[0,-1],[0,-1],[0,-1],[-1,0],[-1,0],[0,-1],[-1,0]],[[86,219],[-1,0],[1,0]],[[81,220],[-1,0],[-1,0],[1,0],[-1,0],[0,-1],[-1,0],[-1,0]],[[77,219],[0,1],[0,1],[1,0],[0,1],[0,1],[1,0],[0,1],[0,-1],[1,0],[-1,0],[0,1],[0,1],[1,0],[0,1],[0,1],[0,1],[-1,0],[0,1],[1,0],[-1,0],[0,1],[0,1],[-1,0],[0,1],[0,1],[0,-1],[0,1],[-1,0],[0,1],[0,1],[1,0],[-1,0],[-1,0],[0,1],[0,-1],[-1,0],[0,1],[0,1],[1,0],[-1,0],[0,1],[0,1],[1,0],[-1,0],[0,1],[1,0],[0,1],[1,0],[-1,0],[0,-1],[0,1],[0,1],[1,0],[-1,0],[0,-1],[-1,0],[0,1],[0,1],[0,1],[1,0],[0,-1],[0,1],[1,0],[1,0],[1,0],[-1,0],[-1,0],[0,1],[-1,0],[-1,0],[0,-1],[-1,0],[0,1],[0,-1],[0,1],[0,-1],[0,1],[-1,0],[1,0],[-1,0],[1,0],[-1,0],[1,0],[0,1],[0,1],[0,1],[-1,0],[0,1],[0,1],[0,1],[1,0],[0,1],[0,1],[1,0],[1,0],[1,0],[1,0],[1,0],[1,0],[0,1],[0,-1],[-1,0],[0,1],[-1,0],[0,-1],[-1,0],[-1,0],[0,1],[-1,0],[-1,0],[0,-1],[0,1],[0,-1],[0,1],[0,-1],[0,1],[0,-1],[-1,0],[0,1],[-1,0],[0,1],[-1,0],[0,-1],[0,1],[1,0],[-1,0],[0,1],[0,-1],[1,0],[-1,0],[0,-1],[1,0],[0,-1],[-1,0],[0,1],[0,-1],[-1,0],[1,0],[0,-1],[-1,0],[0,1],[0,-1],[0,-1],[0,-1],[-1,0],[0,-1],[0,1],[0,1],[1,0],[0,1],[-1,0],[1,0],[-1,0],[0,-1],[0,-1],[-1,0],[0,1],[0,-1],[0,1],[0,-1],[0,1],[0,-1],[1,0],[-1,0],[0,-1],[-1,0],[0,1],[0,-1],[1,0],[1,0],[-1,0],[1,0],[0,-1],[0,-1],[0,-1],[0,1],[-1,0],[1,0],[0,-1],[0,-1],[0,-1],[1,0],[0,-1],[-1,0],[0,-1],[0,-1],[-1,0],[0,-1],[0,-1],[-1,0],[0,-1],[-1,0],[1,0],[-1,0],[1,0],[-1,0],[1,0],[-1,0],[0,-1],[1,0],[-1,0],[1,0],[0,-1],[-1,0],[1,0],[-1,0],[-1,0],[0,-1],[0,1],[-1,0],[1,0],[-1,0],[0,-1],[-1,0],[-1,0],[-1,0],[0,-1],[-1,0],[-1,0],[-1,0],[0,-1],[-1,0],[-1,0],[0,-1],[-1,0],[0,-1],[0,1],[0,-1],[0,1],[0,-1],[-1,0],[0,1],[0,-1],[-1,0],[-1,0],[0,-1],[-1,0],[-1,0],[-1,0],[0,-1],[-1,0],[-1,0],[1,0],[-1,0],[-1,0],[-1,0]],[[45,229],[1,0],[-1,0]],[[45,229],[0,1],[0,-1],[0,1],[1,0],[0,1],[-1,0],[-1,0],[1,0],[0,1],[1,0],[0,1],[-1,0],[-1,0],[-1,0],[0,1],[0,-1],[0,-1],[-1,0],[0,-1],[0,-1],[0,-1],[0,1]],[[42,230],[-1,0],[-1,0],[-1,0],[0,1],[-1,0],[0,1],[-1,0],[1,0],[-1,0],[-1,0],[0,1],[-1,0],[0,1],[-1,0],[1,0],[-1,0],[-1,0],[0,1],[-1,0],[-1,0],[0,1],[-1,0],[0,1],[-1,0],[0,1],[0,1],[-1,0],[0,1],[-1,0],[0,1],[-1,0],[0,1],[0,1],[0,1],[-1,0],[1,0],[-1,0],[0,-1],[1,0],[-1,0],[0,1],[-1,0],[1,0],[0,-1],[1,0],[0,-1],[-1,0],[0,1],[-1,0],[0,1],[-1,0],[1,0],[-1,0],[0,1],[-1,0],[0,1],[-1,0],[-1,0],[0,1],[-1,0],[0,1],[-1,0],[0,1],[-1,0],[0,1],[-1,0],[0,1],[-1,0],[0,1],[-1,0],[0,1],[-1,0],[0,1],[-1,0],[0,1],[1,0],[0,1],[0,1],[1,0],[1,0],[-1,0],[0,-1],[1,0],[1,0],[0,1],[0,-1],[1,0],[-1,0],[1,0],[-1,0],[0,-1],[0,-1],[1,0],[1,0],[-1,0],[1,0],[1,0],[0,1],[1,0],[1,0],[1,0],[0,1],[0,1],[0,-1],[0,1],[0,-1],[1,0],[0,-1],[0,1],[0,-1],[1,0],[-1,0],[1,0],[0,1]],[[24,256],[0,-1],[1,0],[0,1]],[[25,256],[0,1]],[[25,257],[1,0],[1,0],[0,-1],[0,1],[1,0],[-1,0],[1,0],[0,1],[0,-1],[1,0],[0,1]],[[29,258],[1,0],[0,1],[0,-1],[0,1]],[[30,259],[1,0],[1,0],[1,0],[1,0],[0,1],[0,1],[1,0],[0,1],[0,-1],[0,1],[1,0],[0,1],[0,1],[1,0],[0,1],[1,0],[0,1]],[[38,266],[0,1]],[[38,267],[-1,0],[0,-1]],[[37,266],[0,-1],[-1,0],[0,1],[-1,0],[-1,0],[-1,0],[0,1],[0,-1],[-1,0],[1,0],[-1,0],[0,-1],[0,1],[0,-1],[0,1],[1,0],[0,-1],[-1,0],[-1,0],[-1,0],[-1,0],[0,-1],[-1,0],[-1,0],[-1,0],[0,-1],[0,-1],[-1,0],[1,0],[-1,0],[0,1],[0,-1],[-1,0],[0,1],[0,-1],[-1,0],[0,1],[-1,0],[-1,0],[-1,0],[-1,0],[0,1],[0,-1],[0,1],[-1,0],[0,-1],[0,1],[-1,0],[-1,0],[-1,0],[0,1],[-1,0],[0,1],[-1,0],[-1,0],[0,1],[-1,0],[-1,0],[0,1],[-1,0],[0,1],[-1,0],[-1,0],[0,1],[0,-1],[1,0],[-1,0],[0,1],[-1,0],[0,1]],[[6,271],[1,0]],[[7,271],[0,-1],[0,1]],[[7,271],[1,0],[-1,0]],[[7,271],[0,1]],[[7,272],[1,0],[1,0],[-1,0],[1,0],[-1,0],[-1,0]],[[7,272],[-1,0],[1,0],[-1,0]],[[6,272],[0,1],[-1,0]],[[5,273],[1,0],[-1,0]],[[5,273],[0,1],[0,-1],[0,1],[0,-1],[0,1],[0,-1],[0,1]],[[5,274],[0,1]],[[5,276],[0,1],[1,0],[-1,0],[1,0],[0,1],[1,0],[0,1],[1,0],[0,1],[1,0],[0,1],[0,-1],[-1,0],[-1,0],[-1,0],[0,-1],[-1,0]],[[5,280],[0,-1],[0,1]],[[5,280],[1,0],[0,1]],[[6,281],[1,0],[1,0],[0,1],[0,-1],[-1,0],[0,1],[-1,0]],[[6,282],[-1,0]],[[6,282],[2,0],[1,0],[0,1],[0,2],[0,1],[0,1],[0,1],[1,0],[1,0],[0,-1],[0,-1],[1,0],[0,1],[0,1],[1,0],[0,-1],[1,0],[1,0],[0,1],[0,-1],[1,0],[1,0],[1,0],[0,1],[1,0],[1,-1],[0,1],[1,0],[0,-1],[1,0],[1,0],[0,1],[1,0],[0,-1],[1,0],[0,-1],[1,0],[1,0],[1,0],[1,0],[1,0],[1,0],[1,1],[0,1],[1,0],[1,0],[1,0],[0,1],[1,0],[1,0],[1,1],[1,0],[1,0],[1,0],[0,-1],[-1,0],[0,-1],[0,-1],[1,0],[1,0],[1,0],[1,0],[1,0],[1,0],[0,1],[0,1],[1,0],[1,0],[1,0],[0,1],[1,0],[-1,0],[-1,0],[0,1],[0,1],[0,1],[1,0],[0,1]],[[49,294],[1,-1],[1,0],[1,0],[0,-1],[1,0],[0,1],[1,0],[1,0],[1,0],[0,1],[1,0],[0,-1],[0,1],[1,-1],[1,0],[1,0],[1,0],[1,0],[0,-1],[0,1],[0,1],[1,0],[0,-1],[1,0],[1,1],[1,0],[0,-1],[1,0],[1,-1],[0,1],[0,-1],[0,1],[1,0],[1,0],[0,-1],[0,1],[1,0],[0,-1],[-1,0],[-1,0],[0,-1],[0,1],[1,0],[0,-1],[0,1],[0,-1],[1,0],[1,0],[0,-1],[1,0],[1,1],[0,-1],[1,0],[1,0],[1,0],[-1,0],[1,0],[0,-1],[1,0],[1,0],[1,0],[1,0],[1,0],[-1,0],[0,1],[1,0],[-1,0],[1,0],[1,0],[1,0],[-1,0],[1,0],[0,-1],[1,0],[1,0],[-1,0],[0,-1],[-1,0],[0,-1],[-1,0],[1,0],[-1,0],[0,-1],[1,0],[0,-1],[1,0],[1,0],[-1,-1],[0,-1],[1,0],[1,0],[0,1],[0,1],[1,0],[0,-1],[1,0],[0,-1],[0,-1],[0,-1],[-1,0],[0,-1],[0,-1],[1,0],[0,-1],[1,0],[0,-1],[0,-1],[1,0],[0,1],[1,0],[1,-1],[0,-1],[0,-1],[-1,-1],[1,0],[1,0],[1,0],[1,0],[0,-1],[1,0],[1,0],[1,0],[1,0],[1,0],[0,-1],[0,-1],[0,-1],[1,0],[0,1],[1,0],[0,-1],[1,0],[0,-1]],[[104,268],[0,-1],[1,0],[0,-1],[0,-1],[1,0],[1,0],[0,-1],[0,-1],[-1,0],[0,-1],[0,-1],[-1,0],[0,-1],[-1,0],[-1,0],[0,-1],[-1,0],[0,-1],[-1,0],[0,1],[0,-1],[-1,1],[-1,-1],[1,0],[0,-1],[0,1],[0,-1],[1,0],[-1,0],[1,0],[0,-1],[0,1],[1,0],[1,0],[0,-1],[1,0],[-1,0],[0,-1],[-1,0],[0,1],[0,-1],[-1,0],[0,1],[-1,0],[0,-1],[0,-1],[0,-1],[1,0],[0,-1],[1,0],[0,-1],[-1,0],[-1,-1],[1,0],[0,-1]],[[156,357],[1,-1],[1,0],[0,-1],[0,-1],[0,-1],[1,0],[0,-1],[-1,0],[1,0],[0,-1],[-1,0],[0,-1],[0,-1],[1,0],[0,-1],[0,-1],[-1,0],[0,-1],[-1,0],[-1,0],[0,-1],[-1,0]],[[155,345],[-1,0],[-1,0],[-1,0],[0,-1],[0,1],[-1,0],[-1,0],[0,-1],[1,0],[-1,0],[-1,0],[0,-1],[0,1],[0,-1],[-1,0],[0,1],[1,0],[-1,0],[0,1],[1,0],[0,1],[0,1],[0,1],[0,1],[0,1],[0,1],[-1,0],[0,1],[-1,0],[-1,0],[0,-1],[-1,0],[0,-1],[-1,0],[0,-1],[0,-1],[-1,0],[-1,0],[0,1],[-1,0],[0,1],[0,1],[-1,0],[-1,0],[-1,0],[1,0],[0,-1],[-1,0],[1,0],[0,-1],[-1,0],[-1,0],[0,1],[0,-1],[-1,0],[1,0],[-1,0],[0,-1],[0,-1],[0,-1],[1,0],[0,-1],[-1,0],[-1,0],[0,1],[-1,0],[-1,0],[-1,0],[0,1],[1,0],[-1,0],[0,1],[1,0],[-1,0],[1,0],[0,1],[-1,0],[1,0],[1,1],[-1,0],[0,-1],[-1,0],[1,1],[-1,0],[1,0],[0,1],[1,0],[0,1],[-1,0],[0,1],[0,1],[-1,0],[0,1],[-1,0],[-1,0],[-1,0],[0,1],[-1,0],[0,1],[-1,0],[0,1],[-1,0],[0,1],[-1,0],[0,1],[0,1],[0,1],[-1,0],[1,0],[-1,0],[0,1],[0,1],[1,0],[0,1],[-1,0],[-1,0],[0,1],[-1,0],[0,1],[1,0],[-1,0],[0,1],[1,0],[-1,0],[0,1],[1,0],[-1,0],[-1,0],[0,1],[0,-1],[-1,0],[-1,0],[-1,0],[-1,0],[0,1],[-1,0],[0,-1],[-1,1],[0,1],[-1,0],[0,1],[-1,0],[-1,-1],[-1,0],[-1,0],[0,-1],[-1,0],[0,1],[-1,1],[0,1],[1,0],[0,1],[-1,0],[0,1],[1,0],[0,1],[0,1],[0,1],[-1,0],[-1,0],[0,1],[1,0],[0,1]],[[108,380],[-1,0],[1,0]],[[108,380],[1,0],[1,0],[1,0],[0,1],[0,-1],[1,1],[1,0],[0,-1],[1,0],[1,0],[1,0],[1,0],[1,0],[-1,0],[0,-1],[1,0],[-1,0],[1,0],[0,-1],[1,0],[-1,0],[0,1],[1,0],[0,-1],[1,0],[0,-1],[-1,0],[0,-1],[0,-1],[1,0],[-1,0],[1,0],[0,-1],[1,0],[0,1],[0,1],[1,0],[0,1],[1,1],[0,1],[1,-1],[1,0],[1,0],[1,0],[1,0],[0,1],[1,0],[1,0],[0,-1],[1,0],[0,-1],[1,0],[1,0],[0,1],[1,0],[0,1],[1,0],[0,-1],[0,1],[1,0],[1,0],[-1,0],[1,0],[0,1],[-1,0],[0,1],[1,0],[0,1],[-1,0],[1,0],[0,1],[-1,0],[1,0],[-1,0],[0,1],[1,0],[0,-1],[1,0],[1,0],[0,1],[-1,0],[1,0],[0,-1],[1,0],[-1,1],[1,0],[-1,0],[1,0],[0,1],[0,-1],[0,-1],[1,0],[-1,0],[1,0],[0,-1],[1,0],[0,1],[1,0],[0,-1],[0,1],[1,0],[0,1],[0,1],[-1,0],[-1,0],[0,1],[1,0],[1,0],[0,1],[1,0],[1,0],[-1,0],[0,1],[1,0],[0,1],[0,-1],[1,0],[0,1],[0,-1],[1,0],[0,-1],[1,1],[-1,0],[0,1],[0,1],[0,-1],[0,1],[1,0],[-1,0],[0,1],[0,1],[0,1],[-1,0]],[[147,393],[0,-1],[0,1]],[[147,393],[0,1],[0,1]],[[147,395],[0,1]],[[147,396],[-1,0],[0,1]],[[146,397],[1,0],[0,-1]],[[147,396],[1,0],[0,1],[0,-1],[1,0],[0,-1],[1,0],[0,-1],[1,0],[1,0],[0,-1],[1,0],[0,-1],[0,-1],[-1,0],[0,-1],[1,0],[0,-1],[1,0],[1,0],[1,0],[1,0],[0,-1],[0,1],[1,0],[0,-1],[-1,0],[1,0],[0,1],[1,0],[0,-1],[1,0]],[[160,388],[0,-1],[0,-1],[-1,0],[0,-1],[-1,0],[0,-1],[-1,0],[0,-1],[-1,0],[0,-1],[-1,0],[0,-1],[-1,0],[0,-1],[-1,0],[0,-1],[0,-1],[-1,0],[0,-1],[0,-1],[0,-1],[-1,0],[1,0],[0,-1],[-1,0],[1,0],[0,-1],[0,-1],[0,-1],[1,0],[0,-1],[-1,0],[0,-1],[0,-1],[0,-1],[0,-1],[1,0],[0,-1],[1,0],[0,-1],[-1,0],[0,-1],[1,0],[-1,0],[0,-1]],[[146,397],[-1,0],[0,1],[-1,0],[-1,0],[0,1],[1,0],[-1,0],[0,1],[0,1],[1,0],[-1,0],[0,1],[-1,0],[-1,0],[0,1],[0,-1],[-1,0],[1,1],[-1,0],[0,1],[-1,0],[1,0],[-1,0],[0,1],[0,-1],[-1,0],[1,0],[0,-1],[-1,0],[-1,0],[-1,0],[-1,0],[0,1],[1,0],[0,1],[-1,0],[0,1],[-1,0],[0,1],[0,1],[-1,0],[0,1],[-1,0],[1,1],[-1,0],[0,1],[0,1],[0,1],[-1,0],[0,1],[-1,0],[-1,1],[-1,0],[0,1],[-1,0],[-1,0],[1,1],[-1,0],[0,1],[1,0],[1,0],[1,1],[0,1],[1,0],[1,1],[1,0],[-1,1],[-1,0]],[[130,422],[0,1]],[[130,423],[1,0],[0,1]],[[131,424],[1,1],[-1,0]],[[131,425],[0,1],[0,1],[0,1]],[[131,428],[-1,0],[0,1]],[[130,429],[-1,0],[1,1]],[[130,430],[-1,0],[1,0]],[[130,430],[1,0],[0,-1]],[[131,429],[1,0],[1,0],[0,1]],[[133,430],[1,0],[0,1]],[[134,431],[1,0],[-1,0],[1,0],[1,1],[1,0]],[[137,432],[0,1],[1,0]],[[138,433],[1,1],[1,0]],[[140,434],[1,0],[1,0],[0,1]],[[142,435],[1,0]],[[143,435],[0,-1],[1,0]],[[144,434],[1,0],[1,1],[1,0],[0,-1]],[[147,434],[0,-1],[1,0]],[[148,433],[0,-1],[1,0]],[[149,432],[0,-1],[1,0]],[[150,431],[1,0],[1,0]],[[152,431],[0,-1],[1,0]],[[153,430],[-1,0],[1,0]],[[153,430],[0,-1],[1,0],[1,0]],[[155,429],[0,-1],[1,0],[0,1]],[[156,429],[1,0],[1,0],[1,0]],[[159,429],[0,1],[1,0]],[[160,430],[1,0],[0,1],[1,0]],[[162,431],[0,-1],[0,1]],[[162,431],[0,-1],[1,0]],[[163,430],[0,-1],[0,-1],[1,0],[1,0]],[[165,428],[0,-1],[1,0]],[[166,427],[0,-1]],[[166,426],[-1,0],[1,0]],[[166,426],[0,-1],[0,-1],[1,0],[1,0],[0,1]],[[168,425],[1,0]],[[169,425],[1,0],[0,1]],[[170,426],[0,-1],[1,0],[0,1]],[[171,426],[1,0],[0,1],[1,0]],[[173,427],[0,-1],[0,-1],[1,0]],[[174,425],[-1,-1]],[[173,424],[-1,0],[0,-1]],[[172,423],[0,-1],[1,1]],[[173,423],[1,0]],[[174,423],[1,-1],[-1,0],[1,0],[0,-1],[1,0],[-1,-1],[0,-1],[0,-1],[1,0],[1,0],[0,-1],[1,0],[0,-1],[1,0],[0,-1],[1,0],[0,-1],[0,-1],[-1,0],[1,0],[-1,0],[0,-1],[0,-1],[0,-1],[1,-1],[1,0],[0,-1],[0,-1],[-1,0],[-1,0],[0,-1],[1,0],[0,-1],[1,0],[-1,0],[0,-1],[1,0],[0,-1],[1,0],[0,-1],[1,0]],[[183,402],[0,-1],[1,0],[0,-1],[0,-1],[-1,0],[-1,0],[0,1],[-1,0],[0,1],[-1,0],[-1,0],[-1,0],[-1,0],[-1,0],[-1,0],[0,1],[-1,0],[-1,0],[-1,0],[-1,0],[0,-1],[0,1],[0,-1],[-1,0],[-1,0],[-1,0],[0,-1],[-1,0],[-1,0],[-1,0],[0,-1],[-1,0],[0,-1],[-1,0],[-1,-1],[1,0],[1,0],[-1,0],[0,-1],[-1,0],[1,0],[0,-1],[-1,0],[0,-1],[1,-1],[-1,0],[1,0],[0,-1],[0,-1],[0,1],[-1,0],[0,-1],[1,0],[1,0],[0,-1],[-1,0],[0,-1],[-1,0],[-1,0],[-1,0],[0,-1]],[[131,424],[-1,-1]],[[130,422],[-1,0]],[[129,422],[-1,0],[0,-1]],[[128,421],[-1,0],[0,-1],[-1,0],[-1,0]],[[125,420],[0,-1]],[[125,419],[-1,0],[0,1]],[[124,420],[0,-1],[-1,0],[-1,0],[0,1]],[[122,420],[-1,0]],[[121,420],[-1,0],[0,1]],[[120,421],[-1,0],[-1,0],[0,1]],[[118,422],[-1,0],[-1,0]],[[116,422],[-1,-1],[0,1]],[[115,422],[-1,0],[-1,0],[-1,0],[-1,0],[-1,0],[0,1],[0,1]],[[110,424],[0,1],[0,1],[0,1],[0,1],[1,0],[-1,0],[0,-1],[-1,0],[-1,0]],[[108,427],[-1,0],[0,1]],[[107,428],[-1,0]],[[106,428],[0,1],[-1,0],[-1,1],[1,0],[0,1],[0,1],[-1,0],[-1,0],[-1,0],[0,1],[-1,0],[0,1],[-1,0],[-1,0],[0,1],[1,0],[1,0],[1,1],[0,1],[0,1],[0,1],[-1,0],[0,1],[-1,0],[-1,0],[0,1],[-1,1],[0,1],[1,0],[0,1],[1,0],[1,0],[1,1],[1,0],[0,1],[0,1],[0,1],[-1,0],[-1,0],[-1,0],[-1,0],[-2,0],[0,1],[0,1],[1,0],[0,1],[0,1],[0,1],[-1,0],[-1,0],[-1,0],[0,1],[1,1],[1,0],[0,1],[1,0],[0,1],[0,1],[0,1],[1,0],[0,-1],[1,0],[1,0],[0,1],[1,0],[1,0],[0,1],[1,0],[1,0],[2,0],[1,0],[1,0],[0,-1],[1,0],[1,-1],[1,0],[1,0],[1,0],[1,0],[1,0],[1,0],[1,0],[1,0],[1,0],[0,-1],[1,0],[1,-1],[1,0],[1,0],[1,0],[1,0],[1,0],[1,-1],[1,0],[0,1],[1,0],[1,1],[1,0],[1,0],[0,1],[1,0],[1,0],[1,0],[1,0],[1,0],[0,1],[1,0],[1,0],[0,1],[1,0],[1,0],[1,0],[1,0],[1,0],[0,1],[1,0],[0,1],[0,1],[1,0],[1,0],[1,0],[1,0],[0,1],[0,1],[1,-1],[1,0],[1,1],[2,1],[1,1],[1,0],[0,1],[1,0],[1,1],[1,0],[1,1],[2,1],[1,0],[0,1]],[[164,472],[0,-1],[1,0],[1,0],[1,0],[1,0],[1,0],[-1,0],[-1,0],[0,-1],[0,-1],[0,-1],[1,0],[0,-1],[1,-1],[0,-1],[-1,0],[1,0],[0,-1],[0,-1],[1,-1],[0,-1],[1,-1],[0,-1],[1,-1],[1,0],[1,0],[0,-1],[1,0],[1,0],[1,0],[1,-1],[1,-1],[1,0],[0,-1],[1,0],[0,-1],[1,0],[1,0],[1,0],[0,-1],[-1,-1],[-1,-1],[-1,0],[-1,-1],[-1,0],[0,-1],[1,0],[0,-1],[-1,0],[0,-1],[0,-1],[1,0],[0,-1],[0,-1],[0,-1],[-1,0],[0,-1],[1,0],[0,-1],[0,-1],[1,0],[0,-1],[1,0],[0,-1],[1,0],[1,-1],[1,0],[0,-1],[1,0],[1,0],[0,-1],[1,0],[1,0],[1,0],[1,0]],[[191,434],[0,-1],[-1,-1]],[[190,432],[0,-1],[0,-1],[1,0],[0,-1],[1,0],[0,-1],[0,-1],[1,0],[0,-1],[1,0]],[[194,426],[0,-1],[0,-1],[-1,0],[-1,0]],[[192,424],[-1,0]],[[191,424],[0,-1],[-1,0],[0,-1],[-1,0],[0,1]],[[189,423],[-1,0],[-1,-1],[-1,0],[0,-1]],[[186,421],[0,-1],[-1,0],[-1,0],[-1,0],[-1,0],[0,1],[-1,0],[0,1]],[[181,422],[-1,0],[0,1],[0,1]],[[180,424],[0,1],[0,1],[-1,0],[-1,-1]],[[178,425],[0,-1],[-1,0],[-1,0],[-1,0]],[[175,424],[-1,-1]],[[317,253],[0,1],[0,-1]],[[317,253],[-1,0]],[[316,253],[-1,0],[0,1],[-1,0],[-1,0],[0,1],[-1,0],[-1,0],[0,-1],[0,1],[-1,0],[-1,0],[0,1],[0,1],[-1,0],[-1,0],[-1,0],[0,1],[-1,0],[0,1],[-1,0],[0,-1],[-1,0],[0,-1],[0,-1],[1,0],[0,1],[0,-1],[0,-1],[-1,0],[1,0],[0,-1],[-1,0],[0,-1],[1,0],[0,-1],[-1,0],[0,-1],[0,-1],[-1,0],[-1,0],[-1,0],[-1,0],[1,0],[0,1],[1,0],[0,1],[-1,0],[-1,0],[0,-1],[-1,0],[0,1],[-1,0],[0,-1],[0,1],[0,-1],[-1,1],[-1,0],[-1,0],[0,1],[-1,0],[0,-1],[-1,0],[-1,0],[0,-1],[0,-1],[-1,0],[0,1],[-1,0],[-1,0],[0,1],[-1,0],[-1,-1],[0,1],[1,0],[0,1],[1,0],[0,1],[1,0],[-1,0],[0,1],[0,1],[0,1],[-1,0],[-1,0],[-1,0],[0,-1],[0,1],[-1,0],[-1,0],[-1,0],[0,-1],[-1,0],[-1,1],[-1,-1],[-1,0],[-1,0],[0,-1],[-1,0],[-1,0],[-1,0],[0,1],[-1,0],[-1,0],[0,1],[-1,0],[0,1],[-1,0]],[[258,285],[1,1],[0,1],[0,1],[0,1],[1,0],[0,1],[-1,0],[0,1],[1,0],[1,0]],[[334,303],[0,-1],[0,-1],[0,-1],[1,0],[1,0],[0,-1],[1,0],[0,-1],[0,-1],[-1,0],[0,-1],[-1,0],[1,0],[-1,-1],[0,1],[0,-1],[1,0],[0,-1],[0,-1],[0,-1],[0,1],[0,-1],[-1,0],[0,-1],[0,1],[0,-1],[0,1],[-1,0],[0,-1],[0,-1],[0,1],[1,0],[0,-1],[-1,0],[1,0],[-1,0],[0,-1],[0,-1],[-1,0],[0,-1],[-1,0],[0,-1],[1,0],[-1,-1],[0,1],[-1,0],[-1,0],[1,0],[0,-1],[-1,0],[0,-1],[1,0],[-1,0],[0,1],[-1,0],[0,-1],[0,-1],[-1,0],[1,0],[-1,0],[0,-1],[0,1],[-1,0],[-1,0],[-1,0],[0,1],[0,-1],[0,-1],[1,0],[0,-1],[-1,0],[0,-1],[-1,0],[1,0],[-1,0],[-1,1],[0,-1],[0,1],[0,-1],[1,0],[-1,-1],[-1,0],[0,1],[0,-1],[0,1],[-1,0],[-1,0],[0,1],[0,-1],[-1,0],[0,1],[0,-1],[-1,0],[-1,0],[0,-1],[1,0],[0,-1],[-1,0],[0,-1],[-1,0],[0,1],[-1,0],[0,-1],[-1,0],[-1,0],[0,-1],[-1,0],[0,1],[0,-1],[-1,0],[-1,0],[0,-1],[0,-1],[-1,0],[0,-1],[-1,0],[-1,0],[1,0],[0,1],[-1,0],[0,-1],[0,1],[-1,0],[0,1],[-1,0],[0,1],[-1,0],[0,-1],[0,-1],[-1,0],[0,-1],[-1,1],[-1,0],[0,-1],[1,0],[0,-1],[-1,0],[1,0],[-1,0],[0,-1],[0,-1],[1,0],[0,-1],[1,0],[1,0],[0,-1],[1,0],[1,0],[0,-1],[1,0],[0,-1],[1,0],[0,1],[1,0],[0,-1],[1,0],[1,0],[1,0],[1,0],[-1,0],[0,-1],[0,1],[0,-1],[0,1],[-1,-1],[1,0],[-1,-1],[0,-1],[0,-1],[1,0],[0,-1],[0,1],[1,0],[0,-1],[1,0],[0,-1],[1,-1],[1,0],[1,0],[0,-1],[0,-1],[-1,0],[1,0],[0,-1],[1,0],[0,-1],[0,-1],[1,0],[-1,0],[0,-1],[0,1],[-1,0],[0,-1]],[[171,98],[-1,0],[-1,0],[0,1],[-1,0],[-1,0],[0,-1],[0,1],[-1,0],[-1,0],[1,0],[0,1],[-1,0],[0,-1],[-1,0],[-1,0],[1,0],[-1,-1],[1,0],[-1,0],[0,-1],[0,-1],[0,1],[-1,0],[0,-1],[-1,0],[-1,0],[0,-1],[0,-1],[0,-1],[1,0],[0,-1],[-1,0],[0,-1],[0,-1],[-1,0],[-1,0],[0,-1],[1,0],[1,0],[1,0],[1,0],[0,-1],[1,0],[0,-1],[-1,0],[0,-1],[0,-1],[-1,0],[0,-1],[0,1],[0,-1],[-1,0],[-1,0],[-1,0],[0,-1],[0,1],[0,-1],[0,-1],[-1,0],[0,-1],[-1,1],[0,-1],[-1,1],[-1,0],[-1,0],[-1,0],[0,-1],[-1,0],[0,1],[-1,-1],[0,1],[1,0],[-1,0],[-1,0],[0,-1],[0,1],[-1,0],[0,-1],[-1,-1],[1,0],[-1,0],[0,-1],[0,-1],[0,1],[-1,0],[-1,0],[-1,0],[-1,0],[-1,0],[0,1],[-1,0],[-1,0]],[[140,80],[0,1],[-1,0],[-1,0],[0,1],[-1,0],[-1,0],[0,1],[-1,0],[0,1],[0,1],[-1,0],[0,-1],[-1,0],[-1,0],[-1,0],[0,1],[-1,0],[0,1],[-1,0],[1,1],[-1,0],[-1,0],[-1,0],[0,1],[-1,0],[-1,0],[0,1],[0,1],[-1,0],[-1,0],[0,1],[-1,0],[0,1],[1,0],[0,1],[-1,0],[0,-1],[0,1],[-1,0],[0,1],[-1,0],[1,0],[0,1],[0,-1],[0,1],[-1,0],[0,-1],[-1,1],[-1,0],[0,1],[1,0],[-1,0],[0,1],[-1,0],[0,-1],[0,1],[0,-1],[0,1],[-1,0],[0,1],[-1,0],[-1,0]],[[114,98],[-1,0],[0,1],[0,1],[0,1],[-1,0],[0,1],[0,1],[0,1],[0,-1],[0,1],[0,1],[-1,0],[0,1],[0,1],[0,1],[0,-1],[0,1],[0,1],[-1,0],[0,1],[0,1],[0,1],[0,1],[0,1],[-1,0],[0,1],[0,1],[1,0],[-1,0],[0,1],[-1,0],[0,1],[-1,0],[0,1],[1,0],[-1,0],[0,1],[0,1],[0,1],[-1,0],[1,0],[-1,0],[0,1],[0,1],[0,1],[-1,0],[0,1],[0,1],[0,-1],[0,1],[0,-1],[0,1],[-1,0],[1,0],[0,-1],[-1,0],[0,1],[0,1],[-1,0],[1,0],[0,1],[-1,0],[1,0],[-1,0],[1,0],[-1,0],[1,0],[-1,0],[0,1],[-1,0],[0,1],[0,-1],[-1,0],[0,1],[-1,0],[1,0],[-1,0],[1,0],[0,1],[0,1]],[[101,133],[-1,0],[1,0],[1,0],[0,1],[0,-1],[1,1],[0,1],[1,0],[0,1],[0,1],[0,1],[0,1],[-1,0],[1,1],[0,-1],[0,1],[1,0],[-1,0],[0,1],[0,1],[-1,0],[1,0],[-1,1],[1,1],[-1,0],[0,1],[-1,0],[-1,0]],[[101,145],[-1,0],[1,0]],[[101,145],[0,1],[1,1],[1,0],[0,-1],[0,1],[1,0],[0,-1],[0,1],[1,0],[0,1],[0,1],[0,-1],[1,0],[0,1],[-1,0],[1,0],[0,1],[0,1],[1,0],[0,1],[-1,0],[-1,0],[1,0],[0,1],[1,0],[0,-1],[0,1],[0,1],[1,0],[-1,0],[1,0],[-1,1],[-1,0],[0,1],[-1,0],[-1,0],[1,0],[-1,0],[1,0],[0,1],[-1,0],[0,1],[1,0],[0,-1],[0,1],[0,1],[-1,0],[0,1],[0,-1],[-1,0],[0,1],[1,0],[-1,0],[1,0],[0,1],[1,0],[0,-1],[0,1],[0,-1],[1,0],[0,1],[1,0],[0,1],[1,0],[0,-1],[1,0],[1,0],[0,1],[0,-1],[0,1],[1,-1],[0,1],[-1,0],[0,1],[1,0],[-1,0],[1,0],[1,0],[1,0],[1,0],[1,0],[-1,1],[0,1],[1,0],[0,1],[1,0],[1,0],[1,0],[0,-1],[1,0],[1,0],[1,0],[0,1],[0,1],[1,0],[1,0],[1,0],[0,-1],[1,0],[0,1],[1,0],[1,0],[0,-1],[0,1],[0,1],[0,1],[0,1],[0,1],[0,1],[-1,0],[0,1],[0,1],[0,1],[1,0],[0,1],[0,-1],[1,0],[0,-1],[0,1],[1,0],[0,-1],[1,0],[0,1],[0,-1],[1,0],[0,1],[0,-1],[0,-1],[1,0],[1,0],[1,0],[1,0],[-1,0],[0,1],[1,0],[0,-1],[1,0],[0,1],[1,0],[1,0],[0,-1],[1,0],[1,0],[0,1],[-1,0],[0,1],[0,1],[0,1],[0,1],[1,0],[0,1],[0,-1],[0,1],[1,0],[0,1],[1,0],[0,1],[1,0],[0,-1],[0,1],[1,0],[0,-1],[0,-1],[1,0],[0,1],[0,1],[1,0],[-1,0],[1,1],[1,-1],[0,1],[1,0],[1,0],[0,1],[-1,0],[1,0],[0,1],[0,1],[0,1],[0,1],[1,0],[1,0],[0,-1],[1,0],[0,1],[1,0],[0,1],[-1,0],[1,0],[0,1],[0,-1],[0,1],[1,0],[0,1],[0,1],[1,0],[0,1],[1,0],[0,-1],[1,0],[0,-1],[-1,0],[0,-1],[1,0],[1,0],[0,-1],[1,1]],[[159,189],[1,0]],[[118,88],[0,1],[0,-1],[1,0],[0,-1]],[[119,87],[-1,0],[0,1]],[[121,85],[0,-1],[1,0],[0,1],[0,-1],[1,0],[-1,0],[1,0],[-1,0],[0,1],[0,-1],[0,1],[-1,0]],[[121,85],[0,1],[-1,0],[1,0],[0,-1],[0,1],[-1,0],[1,0]],[[121,86],[1,0],[-1,0]],[[121,86],[0,1],[1,0],[0,1],[1,0],[-1,0],[-1,0],[0,-1],[-1,0],[0,-1]],[[120,86],[-1,0],[0,1]],[[119,87],[1,0]],[[119,87],[0,1],[0,-1],[0,1],[-1,0],[0,1]],[[118,89],[0,1],[-1,0],[0,1],[0,-1],[0,1],[-1,0],[0,1],[0,1],[-1,0],[0,1],[0,1],[-1,0],[0,1],[0,1],[0,1]],[[140,80],[0,-1],[-1,0],[0,-1],[-1,0],[-1,0],[0,-1],[0,-1],[1,0],[1,0],[1,0],[0,-1],[1,0],[1,-1],[0,-1],[-1,0],[0,-1],[-1,0],[1,0],[1,0],[1,0],[1,0],[1,0],[0,-1],[0,1],[0,-1],[1,0],[-1,0],[1,0],[0,-1],[-1,0],[1,0],[-1,0],[0,-1],[-1,0],[0,-1],[1,0],[0,-1],[1,0],[1,0],[0,-1],[1,0],[0,-1],[0,-1],[-1,0],[1,-1],[-1,0],[0,-1],[0,-1],[0,-1],[0,-1],[0,-1],[0,-1],[1,0],[0,-1],[1,0],[0,-1],[1,1],[1,0],[0,1],[1,0],[1,1],[1,0],[0,-1],[0,-1],[1,0],[0,-1],[-1,0],[0,-1],[-1,0],[1,0],[0,-1],[0,-1],[0,-1],[-1,0],[1,-1],[0,-1],[0,-1],[-1,0],[1,0],[-1,0],[0,-1],[0,-1],[1,0],[0,-1],[1,0],[0,1],[0,-1],[1,0],[0,1],[0,-1],[0,-1],[1,0],[-1,-1],[-1,0],[0,-1],[1,0],[-1,0],[0,-1],[0,-1],[-1,0],[0,-1],[1,0],[-1,0],[0,-1],[0,-1],[-1,0],[0,-1],[-1,0],[1,0],[0,-1],[1,0],[-1,0],[1,0],[0,-1],[0,-1],[-1,-1],[0,-1],[0,-1],[1,0],[0,-1],[0,-1],[-1,0],[0,-1],[1,0],[-1,0],[0,-1],[-1,0],[0,-1],[1,0],[-1,0],[0,-1]],[[152,24],[-1,0],[0,1],[-1,0],[0,1],[-1,0],[1,0],[-1,0],[0,1],[-1,0],[0,1],[0,1],[-1,0],[0,1],[-1,0],[0,1],[-1,0],[0,1],[0,1],[-1,0],[0,1],[0,-1],[0,1],[-1,0],[-1,0],[0,1],[0,1],[-1,0],[0,1],[0,1],[0,1],[-1,0],[0,1],[0,-1],[1,0],[0,-1],[-1,0],[0,1],[0,1],[0,1],[-1,0],[0,1],[0,1],[-1,0],[0,1],[0,1],[0,1],[0,1],[0,1],[0,1],[0,1],[-1,0],[0,1],[0,1],[1,0],[0,-1],[-1,0],[1,0],[-1,0],[1,0],[0,-1],[0,1],[0,-1],[0,-1],[1,0],[0,-1],[0,1],[0,1],[-1,0],[0,1],[1,0],[0,-1],[0,-1],[0,-1],[0,-1],[1,0],[-1,0],[0,-1],[0,-1],[0,-1],[0,1],[1,0],[0,-1],[0,1],[0,-1],[0,1],[1,0],[0,-1],[0,1],[-1,0],[0,1],[0,1],[0,1],[-1,0],[1,0],[0,1],[-1,0],[0,1],[1,0],[-1,0],[1,0],[-1,0],[1,0],[-1,0],[0,1],[-1,0],[1,0],[-1,0],[0,1],[0,1],[-1,0],[0,1],[0,-1],[0,1],[-1,0],[1,0],[-1,0],[1,0],[-1,0],[1,0],[-1,0],[1,0],[-1,0],[1,0],[0,-1],[0,-1],[0,1],[-1,0],[0,1],[0,1],[0,-1],[0,1],[-1,0],[1,0],[0,1],[-1,0],[0,1],[0,1],[0,1],[-1,0],[0,1],[0,1],[-1,0],[1,0],[0,1],[0,-1],[-1,0],[1,0],[-1,0],[1,0],[-1,0],[0,1],[0,1],[-1,0],[0,1],[0,1],[-1,0],[0,1],[0,1],[0,1],[0,1],[-1,0],[0,1],[1,0],[0,-1],[0,1],[-1,0],[0,1],[0,1],[0,-1],[1,0],[-1,0],[0,1],[0,-1],[0,1],[-1,0],[0,1],[0,1],[-1,0],[0,1],[0,1],[-1,0],[-1,0],[0,1],[0,1],[0,1],[-1,0],[0,1],[0,1],[-1,0],[1,0],[-1,0],[0,1],[0,-1],[0,1],[0,-1],[0,1],[0,-1],[0,1],[-1,0],[0,1],[-1,0],[0,1],[-1,0],[0,1]],[[76,62],[0,-1],[-1,0],[0,1],[1,0]],[[212,238],[-1,0],[0,1],[-1,0],[0,1],[-1,0],[0,-1],[-1,0],[0,1],[0,1],[0,1],[-1,0],[0,1],[-1,0],[0,1],[-1,0],[-1,0],[0,-1],[-1,0],[-1,0],[0,-1],[-1,0],[-1,0],[-1,0],[-1,0],[0,1],[-1,0],[-1,0],[-1,0],[0,-1],[-1,0],[-1,0],[0,1],[0,1],[-1,0],[0,1],[-1,0],[0,-1],[0,1],[-1,0],[-1,0],[-1,0],[0,-1],[-1,0],[-1,0],[0,-1],[-1,0],[-1,0],[0,1],[0,-1],[0,1],[-1,-1],[-1,-1],[1,0],[0,-1],[-1,0],[-1,0],[-1,0],[-1,0],[-1,0],[-1,0],[0,1],[-1,0],[-1,0],[0,-1],[0,1],[-1,-1],[0,1],[0,1],[0,1],[-1,-1],[-1,0],[-1,0],[1,0],[-1,0],[0,-1],[-1,0],[0,-1],[-1,0],[-1,0],[0,-1],[-1,0],[-1,0],[0,-1],[-1,0],[0,1],[-1,0],[-1,0],[0,-1],[-1,0],[0,1],[0,-1],[-1,0],[0,1],[-1,0],[0,-1],[-1,0],[-1,0],[0,1],[0,1],[-1,0],[0,1],[1,0],[1,0],[1,0],[0,1],[0,-1],[0,1],[0,1],[-1,0],[1,0],[-1,1],[0,1],[-1,0],[-1,0],[-1,0],[-1,0],[0,-1],[-1,0],[-1,0],[-1,0],[-1,0],[-1,0],[0,-1],[-2,-1],[-1,0],[-1,0],[0,-1],[0,-1],[0,-1],[-1,0],[-1,-1],[0,-1],[0,-1],[0,-1],[-1,0],[-1,0],[-1,0],[0,-1],[-1,0],[-1,0],[-1,0],[-1,0],[-1,0],[-1,0],[0,1],[1,0],[0,1],[-1,0],[1,0],[-1,1],[0,1],[-1,0],[-1,0],[-1,1],[-1,0],[-1,0],[0,-1],[0,1],[-1,0],[0,-1],[0,1],[-1,0],[0,-1],[-1,0],[-1,0],[0,1],[0,-1],[-1,0],[0,1],[0,-1],[0,1],[-1,0],[-1,0],[0,-1],[-1,0],[0,1],[-1,0],[-1,0],[-1,0],[-1,0],[0,1],[-1,0],[0,1],[0,1],[-1,0],[-1,0],[-1,0],[0,1],[-1,0],[0,-1],[-1,0],[0,1],[-1,0],[-1,0],[-1,0],[0,1],[-1,0],[-1,0],[1,1],[-1,0],[0,1],[1,1],[0,1],[-1,0],[0,1],[0,-1],[-1,1],[1,0],[-1,0],[0,1],[-1,-1],[-1,0],[0,-1],[-1,0],[-1,0],[-1,0]],[[104,268],[1,0],[1,0],[1,0],[1,0],[0,1],[1,0],[1,0],[0,1],[1,0],[1,0],[-1,1],[0,-1],[0,1],[-1,0],[-1,0],[0,1],[-1,0],[0,-1],[0,1],[1,0],[0,1],[0,1],[1,0],[1,0],[0,1],[1,0],[1,0],[1,0],[0,1],[1,0],[0,1],[-1,0],[0,1],[1,0],[0,1],[-1,0],[0,1],[0,1],[1,1],[-1,0],[1,0],[0,1],[1,0],[0,1],[-1,0],[0,1],[0,1],[-1,0],[0,1],[0,1],[-1,0],[-1,0],[0,1],[0,1],[1,0],[-1,0],[-1,1],[1,0],[0,1],[0,1],[1,0],[0,1],[0,-1],[0,1],[-1,0],[0,1],[0,1],[1,0],[0,-1],[0,-1],[1,0],[0,-1],[1,0],[0,1],[1,0],[0,1],[0,1],[-1,0],[-1,0],[-1,0],[0,1],[0,1],[0,1],[0,-1],[1,0],[0,-1],[1,0],[1,0],[1,0],[1,0],[0,1],[0,1],[1,0],[0,1],[-1,0],[1,0],[1,0],[1,0],[1,0],[-1,0],[0,-1],[1,0],[0,-1],[-1,0],[0,-1],[0,1],[0,1],[-1,0],[0,-1],[1,0],[-1,0],[0,-1],[1,0],[1,0],[1,0],[-1,-1],[-1,0],[0,1],[-1,0],[0,1],[0,-1],[0,1],[-1,0],[0,-1],[1,0],[0,-1],[-1,0],[0,-1],[1,-1],[0,1],[1,-1],[1,0],[1,0],[1,0],[1,0],[1,0],[1,0],[1,1],[1,0],[1,0],[0,-1],[0,-1],[0,-1],[0,1],[1,-1],[0,-1],[1,0],[-1,0],[0,-1],[-1,0],[-1,0],[-1,0],[0,-1],[1,0],[0,-1],[1,0],[0,-1],[-1,0],[0,-1],[0,-1],[1,0],[0,-1],[-1,0],[0,-1],[-1,0],[0,-1],[0,1],[0,-1],[0,1],[-1,0],[1,0],[-1,0],[-1,0],[-1,0],[0,1],[-1,-1],[0,-1],[0,-1],[1,0],[0,-1],[1,0],[-1,0],[1,0],[0,-1],[1,0],[1,0],[0,1],[0,1],[1,0],[0,-1],[0,1],[1,0],[1,0],[1,0],[0,1],[1,0],[0,1],[-1,0],[1,0],[0,1],[1,0],[1,0],[0,1],[0,-1],[0,1],[0,1],[0,1],[1,0],[-1,0],[0,1],[1,0],[0,1],[0,-1],[0,-1],[1,0],[1,0],[1,0],[1,0],[0,-1],[0,1],[1,0],[0,-1],[1,0],[1,0],[0,1],[1,0],[0,1],[0,-1],[0,1],[1,0],[0,-1],[-1,0],[0,-1],[1,0],[1,0],[0,-1],[1,0],[1,0],[0,1],[1,0],[0,1],[-1,0],[0,1],[-1,1],[0,1],[0,1],[1,0],[1,0],[0,-1],[1,0],[0,1],[1,0],[0,1],[0,1],[0,1],[-1,0],[-1,1],[-1,0],[-1,0],[0,1],[1,0],[0,1],[1,0],[-1,0],[1,0],[0,1],[-1,0],[0,1],[-1,0],[1,0],[0,1],[1,0],[1,0],[0,1],[0,-1],[1,0],[1,0],[0,1],[1,0],[1,0],[1,0],[1,0],[1,0],[0,1],[0,1],[-1,0],[0,1],[0,1],[0,1],[0,1],[-1,0],[0,-1],[-1,0],[0,-1],[-1,0],[-1,0],[-1,0],[-1,-1],[-1,0],[0,1],[-1,0],[-1,0],[-1,0],[-1,0],[-1,0],[0,1],[-1,0],[0,1],[-1,0],[0,1],[0,1],[-1,0],[1,1],[-1,0],[0,1],[1,0],[0,1],[0,1],[1,0],[1,0],[0,1],[1,0],[1,0],[0,1],[1,0],[0,1],[1,0],[0,1],[1,0],[0,1],[1,0],[0,1],[1,0],[1,0],[0,1],[1,0],[1,0],[1,0],[0,1],[0,1],[1,0],[1,0],[0,1],[1,0],[1,0],[1,0],[0,1],[1,0],[1,0],[0,1],[1,0],[1,0],[0,1],[1,0],[1,0],[1,0],[0,1],[1,0],[0,-1],[1,0],[0,1],[0,1],[0,1],[0,-1],[1,0],[0,1],[1,0]],[[171,329],[1,0],[0,1],[1,0],[0,-1],[1,0],[1,0],[0,-1],[1,0],[1,0],[1,0],[1,0],[1,0],[1,0],[0,-1],[1,0],[1,0],[0,-1],[1,0],[0,-1],[1,0],[0,-1],[0,-1],[1,0],[0,1],[0,-1],[-1,0],[1,-1],[-1,0],[1,0],[0,-1],[0,-1],[-1,0],[0,1],[0,-1],[-1,0],[0,-1],[0,-1],[-1,0],[1,0],[0,-1],[-1,-1],[0,-1],[-1,0],[0,-1],[0,-1],[-1,0],[1,0],[0,-1],[-1,0],[0,1],[0,-1],[-1,0],[0,-1],[1,0],[0,-1],[0,-1],[-1,0],[-1,0],[0,-1],[-1,0],[-1,0],[-1,0],[-1,0],[-1,0],[0,-1],[-1,0],[0,-1],[-1,0],[0,-1],[1,0],[-1,0],[1,-1],[0,-1],[1,0],[0,-1],[1,0],[-1,0],[1,-1],[-1,0],[-1,0],[0,-1],[0,-1],[-1,0],[0,-1],[-1,0],[0,-1],[-1,0],[0,-1],[1,0],[0,-1],[0,-1],[1,-1],[-1,0],[1,0],[0,-1],[-1,0],[0,-1],[0,-1],[1,0],[-1,0],[1,0],[1,0],[0,-1],[0,-1],[1,0],[1,1],[0,1],[1,0],[0,-1],[1,0],[0,-1],[1,0],[0,-1],[1,0],[1,0],[0,-1],[1,0],[0,1],[0,-1],[0,1],[1,0],[1,1],[0,1],[1,0],[0,1],[-1,0],[-1,0],[1,0],[0,1],[0,-1],[1,0],[0,1],[-1,0],[0,1],[-1,0],[0,1],[-1,0],[0,-1],[-1,0],[0,1],[0,1],[0,1],[0,1],[0,1],[-1,0],[-1,1],[0,1],[0,1],[0,1],[-1,0],[0,1],[0,1],[0,1],[-1,0],[-1,0],[-1,0],[1,0],[0,1],[1,0],[0,-1],[0,1],[0,1],[0,-1],[1,0],[0,1],[1,0],[0,1],[1,0],[0,-1],[-1,0],[0,1],[0,-1],[1,0],[0,-1],[1,0],[0,1],[0,1],[1,0],[-1,0],[-1,0],[0,1],[1,0],[0,-1],[0,1],[1,0],[0,-1],[1,0],[0,1],[-1,0],[1,0],[1,0],[0,-1],[-1,0],[1,0],[1,0],[0,-1],[-1,0],[0,-1],[0,1],[-1,0],[1,0],[-1,0],[-1,-1],[-1,0],[0,-1],[1,0],[0,-1],[1,1],[0,1],[1,0],[1,-1],[-1,0],[-1,0],[0,-1],[0,1],[0,-1],[0,-1],[1,1],[1,0],[0,1],[1,0],[0,-1],[0,-1],[-1,0],[1,0],[1,1],[0,-1],[0,-1],[1,0],[0,1],[0,-1],[1,0],[0,1],[1,0],[-1,-1],[1,0],[0,1],[0,-1],[0,1],[0,1],[0,1],[0,-1],[1,0],[0,1],[-1,0],[-1,0],[1,0],[0,1],[1,0],[0,-1],[1,0],[1,0],[0,-1],[-1,0],[1,0],[-1,0],[0,-1],[0,-1],[0,1],[1,-1],[-1,0],[1,0],[0,1],[0,-1],[1,0],[0,1],[1,0],[0,-1],[0,1],[1,0],[0,-1],[0,1],[0,-1],[1,1],[1,0],[0,-1],[1,0],[1,0],[0,1],[0,1],[0,1],[0,-1],[0,1],[1,0],[0,-1],[0,1],[1,0],[0,1],[1,0],[1,0],[1,0],[0,1],[1,0],[1,1],[0,-1],[1,0],[-1,0],[0,-1],[1,0],[-1,0],[0,-1],[1,0],[0,-1],[1,0],[0,-1],[-1,0],[0,-1],[-1,0],[0,-1],[0,-1],[1,0],[0,1],[1,-1],[0,1],[-1,0],[1,0],[0,1],[0,-1],[1,0],[0,1],[0,-1],[1,0],[0,1],[-1,0],[1,0],[0,-1],[1,0],[0,1],[1,-1],[0,1],[-1,0],[0,1],[1,0],[0,-1],[-1,0],[1,0],[1,0],[0,-1],[1,0],[1,0],[-1,1],[-1,0],[1,0],[-1,0],[0,1],[1,0],[1,0],[0,-1],[0,1],[1,0],[-1,0],[0,1],[1,0],[0,-1],[0,1],[0,-1],[1,0],[-1,0],[0,-1],[0,-1],[-1,0],[1,0],[0,-1],[-1,0],[0,-1],[1,0],[1,0],[-1,0],[1,0],[0,1],[0,-1],[1,0],[1,0],[-1,0],[1,0],[1,0],[0,-1],[1,0],[0,1],[0,1],[0,-1],[1,0],[-1,0],[1,0],[0,1],[0,1],[1,0],[0,1],[-1,0],[1,0],[0,1],[1,0],[-1,0],[1,-1],[0,1],[1,0],[-1,0],[1,0],[0,-1],[0,1],[1,0],[0,-1],[-1,0],[1,0],[1,0],[-1,0],[0,1],[1,0],[1,0],[0,1],[0,-1],[1,0],[-1,0],[0,-1],[1,0],[-1,0],[1,-1],[0,1],[1,0],[0,-1],[1,0],[1,0],[0,-1],[0,1],[1,0],[0,-1],[1,0],[-1,0],[1,0],[0,-1],[0,-1],[0,-1],[1,0],[0,1],[0,-1],[0,1],[1,0],[0,-1],[1,0],[1,0],[1,0],[-1,0],[1,0],[0,-1],[-1,0],[1,0],[1,0],[-1,0],[0,-1],[0,-1],[0,1],[1,0],[0,-1],[0,1],[0,-1],[0,1],[0,-1],[0,-1],[1,0],[0,1],[0,-1],[1,0],[0,1],[0,1],[1,0],[1,0],[0,-1],[1,0],[0,1],[1,0],[1,0],[0,-1],[1,0],[0,-1],[1,0],[0,-1],[-1,0],[0,1],[-1,0],[1,-1],[0,-1],[-1,0],[1,-1],[0,-1],[0,-1],[0,-1],[0,-1],[-1,0],[0,1],[0,-1],[0,-1],[1,0],[0,-1],[1,0],[0,-1]],[[81,200],[0,-1],[-1,0],[0,1],[1,0]],[[159,189],[1,0],[-1,0]],[[101,145],[-1,0],[1,0],[-1,0]],[[100,145],[-1,0],[-1,0],[0,1],[0,1],[-1,0],[-1,0],[0,-1],[-1,0],[-1,0],[-1,0]],[[93,146],[0,1],[0,1],[0,-1],[0,1],[-1,0],[0,1],[0,-1],[0,1],[-1,0],[0,1],[-1,0],[0,1],[0,1],[-1,0],[1,0],[-1,0],[1,0],[-1,0],[1,0],[0,1],[-1,0],[1,0],[-1,0],[0,1],[0,1],[0,-1],[0,1],[0,-1],[0,1],[0,1],[-1,0],[0,1],[1,0],[-1,0],[0,1],[1,0],[-1,0],[0,1],[-1,0],[0,1],[0,1],[0,-1],[1,0],[0,1],[-1,0],[0,1],[0,-1],[0,1],[0,-1],[1,0],[-1,0],[0,1],[1,0],[-1,0],[1,0],[-1,0],[0,1],[0,1],[0,1],[0,1],[0,-1],[-1,0],[0,1],[1,0],[-1,0],[1,0],[-1,0],[1,0],[0,1],[-1,0],[1,0],[0,1],[-1,0],[1,0],[0,-1],[0,1],[-1,0],[1,0],[-1,0],[1,0],[0,1],[-1,0],[1,0],[-1,0],[1,0],[-1,0],[0,1],[0,1],[0,1],[-1,0],[1,0],[-1,0],[0,1],[1,0],[-1,0],[0,-1],[1,0],[-1,0],[1,0],[0,1],[-1,0],[1,0],[-1,0],[0,1],[0,1],[0,1],[-1,0],[0,1],[1,0],[0,1],[-1,0],[0,1],[0,1],[0,1],[-1,0],[1,0],[-1,0],[0,1],[0,1],[0,-1],[0,1],[0,-1],[0,1],[-1,0],[0,1],[0,1],[0,-1],[0,1],[-1,0],[0,1],[1,0],[-1,0],[0,1],[0,1],[0,-1],[0,1],[0,1],[0,-1],[1,0],[1,0],[0,-1],[0,-1],[0,1],[0,-1],[0,1],[0,1],[0,1],[-1,0],[1,0],[-1,0],[1,0],[0,-1],[-1,0],[0,1],[0,-1],[0,1],[-1,0],[0,1],[-1,0],[0,1],[0,1],[0,1],[0,1],[0,1],[-1,0],[0,1],[0,1],[0,1],[1,0],[0,-1],[0,1],[1,0],[0,-1],[0,1],[0,1]],[[81,199],[0,-1],[-1,0],[0,1]],[[80,199],[1,0],[0,1],[0,-1],[0,1]],[[81,200],[1,0],[0,1],[-1,0],[0,-1]],[[81,200],[-1,0]],[[80,200],[-1,0],[0,-1],[-1,0],[1,0],[-1,0],[0,1],[1,0],[-1,0],[1,0],[0,1],[0,-1],[0,1],[0,1],[-1,0],[0,1],[1,0],[-1,0],[0,-1],[0,1],[0,-1],[0,1],[0,1],[1,0],[0,1],[0,-1],[-1,0],[0,-1],[0,1],[0,1],[0,1],[0,1],[0,1],[-1,0],[1,0],[0,1],[0,-1],[0,1],[-1,0],[0,1],[0,-1],[0,1],[0,1],[0,1],[0,1],[-1,0],[1,0],[-1,0],[0,1],[0,1],[0,1],[0,1],[1,0],[0,-1],[1,0],[-1,0],[0,1],[0,1],[0,1]],[[212,238],[0,1],[0,-1]],[[429,284],[-1,0],[0,-1],[-1,0],[1,0],[-1,0],[1,1],[-1,0],[-1,0],[-1,0],[-1,1],[0,-1],[0,1],[-1,0],[0,1],[1,1],[-1,0],[1,0],[-1,0],[0,1],[1,0],[0,1],[-1,0],[1,0],[-1,0],[1,1]],[[424,290],[-1,0],[1,0]],[[431,304],[0,1],[0,-1]],[[431,304],[1,0],[0,-1],[0,1],[0,-1],[0,1],[1,0],[0,-1],[1,0],[0,1],[0,1],[1,0],[0,1],[1,0],[0,1],[1,0],[0,1],[-1,0],[1,0],[1,0],[1,0],[1,0],[0,1],[1,0],[0,-1],[1,0],[1,0],[1,0],[-1,0],[1,0],[1,0],[1,0],[1,0],[1,1],[1,0],[0,1],[1,0],[0,-1],[0,-1],[1,0],[0,-1],[1,0]],[[452,307],[0,-1],[-1,0],[0,-1],[-1,-1],[0,-1],[1,0],[0,-1],[1,0],[1,0],[0,-1],[0,-1],[0,-1],[-1,0],[0,-1],[0,-1],[-1,0],[0,-1],[0,-1],[0,-1],[-1,0],[0,1],[0,-1],[0,-1],[-1,0],[0,-1],[-1,0],[0,-1],[0,-1],[-1,0],[-1,0],[1,0],[0,-1],[-1,0],[0,-1],[0,-1],[-1,0],[0,-1],[0,-1],[0,-1],[-1,0],[0,-1],[0,-1],[-1,0],[0,-1],[0,-1],[-1,0],[0,1],[-1,0],[0,1],[-1,0],[-1,0],[-1,0],[-1,0],[-1,0],[0,1],[-1,0],[-1,0],[0,-1],[-1,0],[0,1],[0,-1],[-1,0],[-1,0],[0,1],[0,1],[-1,0],[-1,0]],[[429,284],[0,1],[0,-1]],[[413,300],[-1,0],[0,1],[-1,0],[0,-1],[0,1],[-1,0],[-1,0],[0,1],[-1,0],[1,0],[-1,0],[-1,0],[0,1],[0,-1],[-1,0],[0,1],[0,-1],[-1,0],[-1,0],[-1,0],[-1,0],[-1,0],[-1,0],[0,-1],[0,1],[0,-1],[0,1],[-1,0],[1,0],[-1,0],[-1,0],[-1,0],[-1,0],[-1,0],[-1,0],[0,1],[-1,0],[-1,0],[-1,0],[-1,0],[0,-1],[-1,0],[-1,0],[-1,0],[-1,0],[-1,0],[-1,0],[-1,0],[0,1],[0,-1],[-1,0],[-1,0],[-1,0],[-1,0],[-1,0],[0,1],[-1,0],[-1,0],[-1,0],[-1,0],[-1,0],[0,1],[-1,0],[-1,0],[0,1],[-1,0],[0,-1],[-1,0],[0,1],[0,1],[0,1]],[[411,278],[0,1],[0,1],[-1,0],[1,0],[0,1],[0,-1],[1,1],[-1,0],[1,0],[-1,0],[1,0],[-1,0],[1,0],[0,1],[-1,0],[1,0],[0,1],[-1,0],[1,0],[-1,0],[1,0],[-1,0],[0,1],[1,0],[-1,0],[1,0],[-1,0],[1,0],[0,1],[0,1],[-1,0],[0,1]],[[429,284],[0,-1],[0,-1],[1,0],[0,-1],[0,-1],[0,-1],[0,-1],[1,0],[0,-1],[-1,0],[1,-1],[-1,-1],[0,-1],[0,-1],[0,-1],[-1,0],[1,0],[0,-1],[0,-1],[0,-1],[-1,0],[0,-1],[0,-1],[-1,0],[-1,0],[0,1],[-1,0],[0,-1],[0,1],[0,-1],[0,1],[0,-1],[-1,0],[0,-1],[1,0],[0,-1],[-1,0],[0,-1],[0,-1],[0,-1],[0,-1],[0,-1],[1,0],[0,-1],[-1,0],[0,-1],[0,-1],[1,0],[0,-1],[0,-1],[1,0],[-1,0],[1,0],[0,-1],[-1,0],[0,-1],[-1,0],[-1,0],[0,-1],[-1,0],[0,-1],[0,-1],[0,1],[-1,0],[0,-1],[0,-1],[-1,1],[0,1],[-1,0],[0,1],[-1,0],[0,1],[-1,0],[0,-1],[0,-1],[0,1],[0,-1],[0,-1],[-1,0],[-1,0],[0,1],[0,1],[0,1],[0,-1],[1,0],[0,1],[-1,0],[0,1],[0,1],[0,1],[0,1],[-1,0],[0,1],[0,1],[0,1],[0,1],[0,1],[-1,0],[0,1],[0,1],[0,1],[-1,0],[-1,0],[0,1],[1,0],[0,1],[0,1],[-1,0],[0,1],[0,1],[0,1],[1,0],[0,1],[-1,0],[1,0],[-1,0],[0,1],[0,1],[0,-1],[0,1],[0,1],[-1,0],[0,1],[0,1],[0,1]],[[461,333],[0,-1],[0,-1],[0,-1],[-1,0],[0,-1],[1,0],[0,-1],[0,-1],[0,-1]],[[461,326],[-1,0],[0,-1],[-1,0],[0,-1],[-1,0],[0,-1],[1,0],[0,-1],[1,0],[-1,0],[1,0],[-1,-1],[1,0],[-1,0],[0,-1],[1,-1],[-1,0],[0,-1],[0,-1],[1,0],[0,-1],[-1,-1],[-1,0],[0,-1],[0,-1],[0,-1],[0,-1],[-1,0],[0,-1],[-1,0],[0,-1],[-1,0],[0,-1],[1,0],[-1,0],[-1,0],[-1,0],[0,-1],[-1,0]],[[282,202],[0,-1],[0,1]],[[282,202],[1,0]],[[283,202],[0,-1],[-1,0]],[[317,223],[0,1],[1,0],[-1,0],[1,0],[0,-1],[-1,0]],[[321,229],[-1,0],[-1,0],[0,-1],[-1,0],[1,0],[0,1],[-1,0],[0,-1],[-1,0],[1,0],[0,-1],[0,1],[-1,0],[0,1],[1,0],[0,1],[1,0],[1,0]],[[320,230],[1,0],[0,-1]],[[321,229],[0,1],[0,-1]],[[320,230],[-1,0],[-1,0],[0,-1],[-1,0],[1,0],[-1,0],[0,-1]],[[317,228],[0,-1],[0,1]],[[317,228],[0,-1],[1,0]],[[318,227],[0,1],[-1,0],[1,0],[1,0],[0,1],[1,0],[1,0],[-1,0],[1,0]],[[321,229],[0,-1],[0,1]],[[321,229],[0,-1],[-1,0],[0,-1],[-1,0],[-1,0]],[[318,227],[0,-1],[-1,0],[0,-1],[-1,0],[0,-1],[0,-1],[1,0]],[[317,223],[0,-1],[-1,0],[0,-1],[0,1],[0,-1],[-1,0],[-1,0],[0,-1],[-1,0],[-1,0],[0,-1],[0,1],[0,-1],[0,1],[0,-1],[-1,0],[1,0],[0,-1],[0,1],[0,-1],[0,1],[1,0],[0,1],[0,-1],[-1,0],[0,-1],[-1,0],[0,-1],[-1,0],[-1,0],[-1,0],[0,1],[0,-1],[1,0],[1,0],[-1,0],[0,-1],[-1,0],[-1,0],[1,0],[-1,0],[0,-1],[-1,0],[-1,0],[-1,0],[-1,0],[0,-1],[-1,0],[0,1],[0,-1],[-1,0],[-1,0],[0,-1],[-1,0],[-1,0],[-1,0],[0,-1],[-1,0],[-1,0],[0,-1],[-1,0],[-1,0],[0,-1],[-1,0],[-1,0],[0,-1],[-1,0],[0,-1],[-1,0],[0,-1],[-1,0],[0,-1],[-1,0],[-1,0],[0,-1],[-1,0],[0,-1],[-1,0],[0,-1],[-1,0],[0,-1]],[[282,202],[0,1],[0,-1]],[[282,202],[-1,0],[1,0]],[[317,253],[0,-1],[1,0],[1,0],[1,0],[0,-1],[1,0],[0,-1],[0,-1],[0,-1],[1,0],[0,1],[1,0],[1,1],[0,-1],[1,0],[0,-1],[0,-1],[1,0],[0,-1],[0,1],[0,-1],[1,0],[1,0],[0,-1],[1,0],[0,-1],[0,-1]],[[329,243],[-1,0],[0,-1],[-1,0],[0,1],[0,-1],[-1,0],[-1,0],[-1,0],[-1,0],[0,-1],[-1,0],[-1,0],[1,0],[-1,0],[0,-1],[-1,0],[0,-1],[-1,0],[0,-1],[-1,0],[0,-1],[0,-1],[0,1],[0,-1],[0,-1],[0,-1],[1,0],[0,-1],[0,-1],[1,0],[0,-1],[0,-1]],[[199,66],[-1,0],[1,0],[-1,0],[0,1],[0,-1],[0,1],[-1,0],[0,1],[-1,0],[1,0],[0,1],[1,0],[1,0]],[[199,69],[0,-1],[0,-1],[0,-1]],[[196,86],[0,-1],[1,0],[-1,0],[1,0],[0,-1],[0,1],[1,-1],[0,1],[0,-1],[0,-1],[0,1],[0,-1],[0,1],[0,-1],[0,1],[0,-1],[0,-1],[0,1],[-1,0],[0,-1],[0,1],[-1,0],[-1,0],[1,0],[0,1],[0,-1],[0,1],[0,1],[-1,0],[0,1],[1,0]],[[120,86],[0,1],[1,0],[0,1],[1,0],[1,0],[-1,0],[0,-1],[-1,0],[0,-1],[-1,0]],[[120,86],[0,-1],[1,0]],[[147,395],[0,-1]],[[108,380],[-1,0]],[[107,380],[-1,0],[-1,0],[-1,0],[-1,0],[-1,0],[-1,0],[-1,0],[-1,0],[0,1],[-1,-1],[-1,0],[0,1],[0,1],[1,0],[0,1],[0,1]],[[98,384],[0,1],[0,1],[-1,0],[0,1],[0,1],[1,0],[0,1],[0,1],[1,0],[1,0],[0,1],[0,1],[1,0],[1,0],[0,1],[1,0],[0,1],[1,0],[-1,0],[1,0],[0,1],[0,1],[1,0],[0,1],[1,0],[1,1],[1,0],[0,1],[1,0],[1,0],[1,0],[-1,0],[0,1],[0,-1],[-1,0],[0,1],[0,-1],[-1,0],[0,1],[0,-1],[0,1],[-1,0],[0,1],[1,0],[-1,0],[1,0],[0,1],[-1,0],[1,0],[0,1],[1,0],[0,1],[0,1],[1,0],[0,1],[-1,0],[-1,0],[1,0],[0,1],[0,1],[-1,1],[0,1],[0,1],[0,1],[1,0],[0,1],[1,0],[1,0],[0,1],[1,0],[1,0],[0,1],[1,0],[-1,0],[0,1],[1,0],[1,0],[0,-1],[1,0],[1,0],[0,1],[1,0],[1,0],[0,1],[1,0],[0,-1],[0,1],[1,0],[1,0],[-1,0],[0,1],[1,0],[0,1]],[[122,419],[-1,0],[0,1]],[[155,345],[0,-1],[1,0],[0,-1],[-1,0],[1,-1],[0,-1],[1,0],[0,-1],[0,-1],[1,0],[1,-1],[1,0],[0,-1],[0,-1],[1,1],[0,-1],[0,-1],[-1,0],[0,-1],[-1,0],[-1,0],[1,0],[0,-1],[1,0],[-1,0],[1,0],[0,-1],[1,0],[0,1],[1,0],[0,-1],[1,1],[0,-1],[-1,0],[-1,0],[0,-1],[-1,0],[-1,0],[0,-1],[-1,0],[-1,0],[0,-1],[0,-1],[1,0],[0,1],[1,0],[1,0],[1,0],[0,1],[1,0],[0,1],[1,0],[1,0],[0,-1],[1,0],[0,1],[0,-1],[1,0],[1,0],[1,0],[-1,0],[1,0],[1,0],[0,1],[1,0],[1,0],[1,0],[-1,-1],[-1,0],[1,-1]],[[49,294],[0,1],[-1,0],[0,1],[0,1],[-1,0],[0,1],[-1,1],[0,1],[0,1],[0,1],[-1,0],[-1,1],[0,1],[-1,0],[0,1],[-1,1],[0,1],[0,1],[0,1],[0,1],[-1,0],[-1,0],[-1,0],[-1,0],[-1,0],[-2,0],[0,1],[0,1],[-1,0],[-1,1],[-1,1],[0,1],[0,1],[0,1],[1,1],[0,1],[0,1],[0,1],[1,1],[0,1],[-1,0],[1,1],[-1,1],[0,1],[-1,0],[-1,0],[-1,0],[-1,0],[-1,0],[-1,0],[-1,0],[-1,0],[-1,1],[-1,0],[-1,0],[0,1],[0,1],[0,1],[0,1],[0,1],[1,1],[0,1],[0,1],[1,0],[1,1],[0,1],[1,0],[1,1],[1,1],[1,1],[0,1],[1,0],[1,1],[0,1],[1,1],[1,1],[1,1],[1,1],[1,0],[0,1],[1,0],[0,1],[1,0],[1,0],[1,0],[0,-1],[1,0],[1,-1],[0,-1],[0,-1],[1,0],[0,-1],[1,0],[1,0],[1,0],[1,0],[1,0],[1,0],[1,1],[1,0],[1,0],[0,1],[1,0],[1,0],[1,0],[1,0],[1,0],[1,0],[1,0],[1,0],[0,1],[1,0],[1,0],[1,1],[0,1],[0,1],[1,1],[1,1],[0,1],[1,0],[1,1],[1,1],[1,2],[0,2],[1,1],[0,1],[1,0],[0,1],[1,0],[1,0],[1,0],[1,0],[1,1],[1,1],[1,0],[1,0],[0,1],[1,0],[1,0],[0,1],[0,1],[1,0],[0,1],[1,0],[0,1],[1,1],[0,1],[1,0],[0,1],[0,1],[1,0],[0,1],[1,1],[0,1],[0,1],[0,1],[1,0],[0,1],[0,1],[1,0],[1,0],[1,1],[1,0],[1,1],[1,0],[1,0],[1,1],[1,0],[0,1],[1,0]],[[107,380],[1,0],[-1,0],[1,0]],[[351,335],[-1,-1],[0,1],[-1,0],[-1,0],[-1,0],[0,-1],[-1,0],[0,-1],[-1,0],[0,1],[-1,0],[-1,0],[-1,0],[-1,0],[-1,0],[-1,0],[0,1],[0,1],[-1,0]],[[338,336],[0,1],[1,0],[0,1],[0,1],[0,1],[0,1],[0,1],[1,0],[0,1],[0,1],[1,0],[0,1],[0,1],[-1,0],[0,1],[0,1],[1,-1],[0,1],[1,0],[0,-1],[0,1],[1,0],[1,0],[1,0],[0,1],[1,0],[1,0],[0,1],[1,0],[0,1],[0,-1],[1,0],[1,0],[1,0],[0,-1],[1,0],[0,-1],[0,-1],[1,0],[0,-1],[0,-1],[-1,0],[0,-1],[0,-1],[0,-1],[-1,0],[0,-1],[0,-1],[0,-1],[1,0],[0,-1],[0,1],[1,0],[0,-1],[1,0],[-1,0],[0,-1],[0,-1],[-1,0],[-1,0],[0,-1]],[[189,41],[1,0],[0,-1],[-1,0],[1,0],[0,-1],[1,0],[0,-1],[1,0],[-1,0],[0,1],[0,-1],[1,0],[-1,0],[0,1],[-1,0],[0,1],[-1,0],[-1,0],[0,1],[1,0]],[[199,69],[-1,0],[-1,0],[0,-1],[-1,0],[1,0],[0,-1],[1,0],[0,-1],[0,1],[0,-1],[1,0]],[[199,66],[0,-1],[0,-1],[0,-1],[0,-1],[0,-1],[0,-1],[0,-1],[0,-1],[0,-1],[-1,0],[-1,0],[1,0],[-1,0],[-1,0],[-1,0],[0,1],[0,-1],[-1,0],[1,0],[1,0],[-1,0],[1,0],[1,0],[-1,0],[-1,0],[-1,0],[-1,0],[1,0],[0,1],[-1,0],[0,-1],[0,1],[0,-1],[0,1],[0,-1],[0,1],[0,-1],[0,1],[0,-1],[-1,0],[0,1],[1,0],[-1,0],[0,-1],[0,1],[0,-1],[1,0],[-1,0],[-1,0],[-1,0],[-1,0],[0,-1],[0,-1],[-1,0],[0,-1],[1,0],[0,-1],[-1,0],[0,-1],[-1,0],[0,-1],[-1,0],[0,-1],[-1,0],[0,-1],[0,-1],[-1,0],[0,-1],[-1,0],[0,-1],[0,-1],[0,-1],[-1,0],[0,-1],[1,0],[0,-1],[1,0],[0,-1],[1,0],[1,0],[0,-1],[0,1],[0,-1],[0,1],[1,0],[0,-1],[-1,0],[-1,0],[-1,0],[-1,0],[-1,0],[-1,0],[0,-1],[-1,0],[-1,0],[-1,0],[0,-1],[-1,0],[-1,0],[-1,0],[-1,0],[0,-1],[-1,0],[0,-1],[-1,0],[-1,0],[1,0],[-1,0],[-1,0],[0,-1],[0,-1],[0,-1],[0,-1],[0,1],[0,-1],[0,1],[0,-1],[0,1],[0,-1],[1,0],[-1,0],[1,0],[-1,0],[0,-1],[-1,0],[0,-1],[0,1],[0,-1],[0,1],[0,-1],[0,-1],[0,1],[0,-1],[0,1],[0,-1],[0,1],[0,-1],[0,1],[0,-1],[0,1],[0,-1],[0,1],[0,-1],[0,-1],[0,-1],[-1,0],[0,-1],[0,-1],[-1,0],[-1,0],[0,-1],[-1,0],[-1,0],[0,-1],[-1,0],[0,-1],[-1,0],[-1,0],[-1,0],[0,-1],[-1,0],[1,0],[-1,0],[0,-1],[0,1],[-1,0],[-1,0],[-1,0],[-1,0],[0,1],[-1,0],[0,1],[-1,0],[0,1],[-1,0]],[[171,98],[0,-1],[-1,0],[0,-1],[1,0],[0,1],[1,0],[0,-1],[1,0],[0,-1],[1,0],[1,0],[0,1],[1,0],[-1,0],[0,1],[1,0],[-1,0],[1,0],[0,-1],[0,1],[0,1],[1,0],[0,1],[0,1],[1,0],[0,1],[0,-1],[0,1],[0,1],[1,0],[0,1],[1,0],[1,0],[1,0],[0,-1],[1,0],[-1,0],[0,1],[1,0],[1,0],[1,0],[0,-1],[1,0],[1,0],[0,1],[1,0],[0,1],[1,0],[1,0],[0,1],[1,0],[0,1],[1,0],[-1,0],[0,1],[0,1],[1,0],[0,-1],[1,0],[1,-1],[0,1],[1,0],[0,-1],[0,1],[1,0],[0,-1],[0,-1],[0,1],[1,0],[0,-1],[0,1],[1,0],[-1,0],[-1,1],[1,0],[1,0],[1,0],[0,1],[1,0],[1,0],[0,1],[1,0],[0,1],[-1,0],[1,0],[1,0],[0,-1],[1,0],[1,0],[1,0],[0,-1],[1,0],[0,1],[0,-1]],[[207,108],[0,-1],[0,-1],[-1,0],[1,0],[-1,0],[1,0],[0,-1],[-1,0],[0,-1],[0,-1],[0,-1],[0,-1],[0,-1],[-1,0],[0,-1],[0,-1],[1,0],[-1,0],[0,-1],[0,-1],[0,-1],[-1,0],[0,-1],[0,-1],[0,-1],[-1,0],[0,-1],[-1,0],[0,-1],[0,1],[0,-1],[-1,0],[1,0],[-1,0],[1,0],[-1,0],[1,0],[0,1],[0,-1],[-1,0],[-1,0],[0,-1],[1,0],[0,1],[0,-1],[-1,0],[0,-1],[0,-1],[-1,0],[0,-1],[0,-1],[-1,0]],[[198,85],[0,-1],[-1,1],[0,-1],[0,1],[-1,0],[1,0],[-1,0],[0,1],[-1,0],[0,-1],[1,0],[0,-1],[0,-1],[0,1],[0,-1],[-1,0],[1,0],[1,0],[0,-1],[0,1],[1,0],[0,-1]],[[198,82],[0,-1],[-1,0],[0,-1],[0,-1],[0,-1],[0,-1],[1,0],[0,-1],[0,-1],[0,-1],[0,1],[0,-1],[0,-1],[1,0],[0,-1],[-1,0],[1,0],[0,-1],[0,-1],[0,-1]],[[411,278],[-1,0],[0,-1],[0,1],[-1,0],[-1,0],[0,-1],[-1,0],[-1,0],[0,1],[-1,0],[0,-1],[0,-1],[0,-1],[1,0],[-1,0],[0,-1],[1,0],[-1,0],[0,-1],[-1,0],[-1,-1],[-1,0],[1,0],[-1,0],[0,-1],[1,-1],[-1,0],[1,0],[0,-1],[0,-1],[-1,0],[0,-1],[-1,-1],[0,1],[0,-1],[-1,0],[-1,0],[-1,0],[0,1],[0,1],[0,1],[-1,0],[1,0],[-1,0],[0,1],[1,0],[-1,0],[0,1],[-1,0],[0,-1],[0,-1],[0,-1],[0,-1],[0,1],[-1,0],[0,1],[0,1],[0,1],[-1,0],[0,1],[1,0],[-1,0],[0,1],[-1,0],[0,1],[-1,1],[1,0],[-1,0],[0,1],[0,1],[1,0],[-1,0],[1,0],[-1,0],[0,1],[0,-1],[0,1],[0,-1],[0,1],[0,1],[1,0],[0,-1],[0,1],[0,1],[0,1],[0,1],[1,0],[0,1],[0,-1],[0,1],[1,0],[0,-1],[0,1],[1,0],[0,1],[-1,0],[0,1],[1,0],[1,0],[0,-1],[1,0],[1,0],[0,1],[0,-1],[0,1],[1,0],[0,1],[0,1],[0,-1],[1,0],[0,-1],[1,0],[0,1],[0,1],[1,0],[0,-1],[0,1],[1,0],[-1,0],[0,-1],[1,0],[0,-1],[1,0],[0,1],[0,1],[0,1],[0,1],[1,0],[0,-1],[0,1],[-1,0],[0,1],[1,0],[0,-1],[0,1],[0,-1],[0,1],[0,-1],[1,0],[1,0],[0,1],[0,-1],[0,1],[1,0],[0,1],[1,0]],[[160,388],[1,0],[1,0],[0,-1],[1,0],[0,-1],[1,0],[1,0],[1,0],[0,-1],[-1,0],[0,-1],[0,-1],[-1,0],[-1,0],[0,-1],[0,-1],[-1,0],[1,0],[0,-1],[-1,0],[0,-1],[1,0],[0,-1],[0,-1],[1,0],[-1,0],[0,-1],[1,0],[0,1],[1,0],[1,0],[-1,0],[1,0],[0,-1],[1,0],[-1,0],[1,0],[0,-1],[-1,0],[1,0],[0,-1],[1,0],[0,1],[1,0],[0,1],[1,0],[0,1],[1,0],[1,0],[0,1],[1,0],[1,0],[1,0],[0,-1],[1,0],[0,-1],[0,-1],[1,0],[0,-1],[1,0],[1,0],[0,-1],[1,0],[1,0],[1,0],[1,0],[0,-1],[-1,0],[0,-1],[-1,0],[0,-1],[-1,0],[0,1],[0,-1],[-1,0],[1,0],[0,-1],[1,0],[1,0],[0,-1],[1,0],[-1,0],[1,0],[-1,-1],[1,0],[0,1],[1,0],[0,-1],[1,0],[-1,0],[1,0],[-1,1],[1,0],[0,-1],[1,0],[1,0],[0,-1],[-1,0],[1,0],[0,-1],[1,0],[1,-1],[1,0],[1,0],[0,-1],[0,-1],[1,0],[1,0],[0,1],[1,0],[0,-1],[-1,0],[1,0],[1,0],[1,0],[0,1],[1,0],[1,0],[0,-1],[-1,0],[1,0],[1,0],[-1,0],[1,0],[1,0],[-1,0],[1,0],[0,-1],[1,0],[1,0],[0,1]],[[202,362],[1,0],[1,0],[1,0],[0,-1],[1,0],[1,-1],[0,-1],[1,0],[1,0],[0,-1],[1,0],[0,1],[0,1],[1,0],[1,0],[0,-1],[1,0],[0,-1],[1,0],[1,0],[0,-1],[1,0],[1,0],[0,-1],[1,0],[1,0],[0,-1],[1,0],[1,0],[1,0],[0,-1],[0,-1],[1,-1],[1,0],[0,-1],[-1,0],[1,0],[1,0],[1,0],[0,-1],[1,0],[-1,0],[1,0],[0,-1],[1,0],[1,0],[0,-1],[1,0],[1,-1],[1,0],[1,0],[0,-1],[1,0],[0,1],[1,0],[1,0],[1,0],[0,-1],[1,0],[1,0],[0,-1],[1,0],[1,-1],[1,0],[1,0],[1,0],[1,0],[1,0],[1,0],[1,0],[0,-1],[0,-1],[0,-1],[1,0],[1,0],[1,0],[0,-1],[1,0],[1,0],[1,0],[1,0],[1,0],[0,-1],[1,0],[0,-1],[1,0],[1,0],[0,1],[0,1],[2,0],[1,0],[1,0],[1,0],[0,-1],[1,0],[1,0],[0,-1],[1,0]],[[267,338],[0,-1],[0,1],[0,-1],[1,1],[0,-1],[0,-1],[1,0],[0,-1],[0,-1],[-1,0],[0,-1],[1,0],[0,1],[1,0],[0,-1],[-1,0],[1,0],[0,-1],[0,-1],[0,-1],[1,0],[1,0],[0,-1],[1,0],[-1,0],[1,0],[0,1],[0,-1],[0,1],[1,0],[0,-1],[0,-1],[-1,0],[0,-1],[1,0],[0,1],[1,0],[0,-1],[0,-1],[1,0],[1,0],[-1,0],[-1,0],[-1,0],[-1,0],[-1,0],[-1,0],[-1,0],[0,-1],[-1,0],[0,-1],[-1,0],[1,1],[-1,0],[0,-1],[0,-1],[1,0],[1,0],[1,-1],[1,0],[0,-1],[1,0],[-1,0],[0,-1],[-1,0],[0,-1],[-1,1],[0,-1],[0,1],[0,-1],[0,-1],[0,-1],[1,0],[1,0],[0,-1],[0,-1],[0,1],[1,-1],[0,1],[0,-1],[1,0],[1,0],[1,0],[0,-1],[1,0],[1,0],[0,-1],[1,0],[-1,0],[1,0],[0,-1],[1,0],[0,-1],[-1,0],[0,-1],[0,1],[-1,0],[0,-1],[-1,0],[0,1],[0,-1],[-1,0],[0,1],[-1,0],[0,-1],[-1,0],[-1,0],[-1,1],[-1,0],[0,-1],[0,-1],[-1,0],[-1,0],[0,-1],[-1,0],[-1,0],[0,-1],[-1,0],[1,0],[-1,0],[0,-1],[-1,0],[-1,0],[-1,0],[1,-1],[-1,0],[-1,0],[-1,0],[0,-1],[-1,0],[0,-1],[0,1],[0,-1],[-1,1],[0,-1],[-1,0],[0,-1],[0,-1],[1,0],[-1,0],[0,-1],[0,-1],[0,-1],[1,0],[-1,0],[1,-1],[-1,0],[1,0],[-1,0],[1,0],[0,-1],[0,-1],[1,0],[1,0],[0,-1],[0,-1],[1,0],[-1,0],[0,-1],[0,-1]],[[183,402],[0,1],[1,0],[0,1],[0,1],[1,0],[0,1],[0,-1],[1,0],[1,0],[0,-1],[0,-1],[1,0],[0,-1],[1,0],[0,-1],[0,-1],[1,0],[0,-1],[1,0],[1,0],[1,0],[0,-1],[1,0],[0,-1],[0,1],[1,0],[1,0],[1,0],[1,0],[1,0],[0,-1],[1,0],[0,-1],[0,1],[0,-1],[1,0],[1,0],[0,-1],[1,0],[1,0],[0,-1],[1,0],[0,-1],[-1,0],[0,-1],[1,0],[0,-1],[1,0],[1,0],[0,-1],[1,0],[1,0],[1,-1],[1,0],[0,1],[0,-1],[1,0],[1,0],[0,-1],[1,0],[0,-1],[1,0],[0,-1],[1,0],[1,0],[1,0],[1,0],[0,-1],[-1,0],[-1,0],[-1,0],[0,-1],[0,-1],[-1,0],[0,-1],[-1,0],[0,-1],[-1,0],[0,-1],[-1,0],[-1,0],[0,-1],[-1,0],[0,-1],[-1,0],[0,1],[-1,-1],[-1,0],[0,-1],[1,0],[-1,0],[1,0],[0,-1],[0,-1],[0,-1],[-1,0],[0,-1],[0,1],[0,-1],[-1,0],[0,-1],[0,1],[0,-1],[0,1],[0,-1],[-1,0],[1,0],[0,-1],[0,-1],[1,0],[-1,0],[0,-1],[0,-1],[-1,0],[1,0],[0,-1],[-1,0],[-1,0],[0,-1],[-1,0],[1,0],[-1,-1],[1,0],[-1,0],[0,-1],[-1,-1],[0,-1]],[[346,243],[1,0]],[[347,243],[0,-1],[-1,0],[0,1]],[[346,243],[0,-1],[0,1]],[[352,243],[1,0],[0,-1],[-1,0],[0,1]],[[347,243],[-1,0],[1,0],[-1,0],[1,0]],[[347,243],[0,1],[1,0],[0,-1],[-1,0]],[[351,244],[0,-1],[-1,0],[0,1]],[[350,244],[1,0]],[[354,245],[0,-1]],[[354,244],[1,0]],[[355,244],[0,-1]],[[355,243],[-1,0],[0,1]],[[354,245],[1,0]],[[355,245],[0,-1]],[[355,244],[0,-1],[0,1]],[[351,245],[1,0],[0,-1]],[[352,244],[-1,0]],[[351,244],[0,1]],[[351,245],[-1,0],[1,0]],[[343,245],[1,0]],[[344,245],[0,-1]],[[344,244],[-1,0]],[[343,244],[0,-1],[0,1],[0,-1],[0,1],[0,1]],[[345,244],[1,0],[-1,0]],[[345,244],[0,-1],[0,1],[0,1]],[[345,245],[1,0]],[[346,245],[0,-1],[0,1]],[[346,245],[0,-1],[-1,0]],[[355,245],[1,0]],[[356,245],[0,-1],[-1,0]],[[353,245],[0,1]],[[353,245],[1,0]],[[354,244],[-1,0],[0,1]],[[344,245],[1,0]],[[344,245],[0,1]],[[344,246],[1,0]],[[345,246],[0,-1]],[[345,245],[0,-1],[0,-1]],[[345,243],[-1,0],[0,1]],[[342,245],[-1,0]],[[341,245],[0,-1],[0,1]],[[341,245],[0,1]],[[341,246],[1,0]],[[342,246],[0,-1]],[[342,245],[1,0]],[[343,245],[0,-1],[0,-1]],[[343,243],[0,-1],[-1,0],[0,1],[-1,0],[0,1],[1,0],[0,1]],[[355,245],[0,1]],[[355,246],[1,0],[0,-1]],[[351,246],[1,0]],[[352,246],[1,0]],[[352,246],[0,-1]],[[352,245],[0,-1],[0,1],[-1,0]],[[351,245],[0,1]],[[354,245],[0,1]],[[354,246],[1,0]],[[342,247],[1,0],[0,-1]],[[343,246],[-1,0]],[[342,246],[0,1]],[[345,246],[0,1]],[[345,247],[1,0],[0,-1]],[[346,246],[0,1],[0,-1]],[[346,246],[0,-1]],[[351,245],[-1,0]],[[350,245],[0,-1]],[[350,245],[0,1]],[[350,246],[0,1]],[[350,247],[0,-1],[1,0]],[[348,246],[-1,0],[0,-1],[0,1],[0,-1],[0,1],[-1,0]],[[346,246],[1,0],[0,1],[0,-1],[-1,0]],[[346,246],[1,0],[0,1],[1,0]],[[348,247],[0,-1]],[[348,246],[-1,0],[1,0]],[[350,247],[1,0]],[[351,247],[0,-1]],[[351,247],[1,0]],[[352,247],[0,-1]],[[343,245],[0,1]],[[343,246],[0,1],[0,-1],[0,1],[-1,0],[1,0]],[[343,247],[0,1],[1,0],[0,-1]],[[344,247],[0,-1]],[[352,247],[0,1]],[[352,248],[1,0],[0,-1]],[[353,247],[0,-1]],[[353,246],[1,0]],[[353,246],[0,-1],[0,1]],[[341,245],[-1,0],[0,-1],[-1,0],[-1,0],[0,1],[1,0],[0,1],[0,1],[1,0],[0,1],[0,-1],[1,0]],[[341,247],[0,-1]],[[351,247],[0,1]],[[351,248],[1,0]],[[354,246],[0,1]],[[354,247],[0,1]],[[354,248],[1,0]],[[355,248],[0,-1],[0,-1]],[[348,248],[1,0]],[[349,248],[0,-1],[0,-1],[-1,0]],[[348,247],[0,1]],[[344,247],[1,0]],[[345,247],[0,1]],[[345,248],[0,1],[0,-1],[1,0]],[[346,248],[0,-1]],[[346,247],[-1,0],[1,0],[0,-1]],[[350,247],[0,1]],[[350,248],[0,1]],[[350,249],[0,-1],[1,0]],[[348,248],[0,1]],[[348,249],[1,0]],[[349,249],[0,-1]],[[352,248],[0,1]],[[352,249],[1,0]],[[353,249],[1,0]],[[354,249],[0,-1]],[[354,248],[0,-1],[0,1]],[[354,248],[-1,0]],[[354,247],[-1,0]],[[350,249],[1,0]],[[351,249],[1,0]],[[350,249],[0,1]],[[350,250],[1,0]],[[351,250],[0,-1]],[[350,250],[-1,0],[1,0]],[[350,249],[-1,0]],[[348,249],[0,1]],[[348,250],[1,0]],[[349,250],[1,0]],[[339,250],[1,0],[0,1],[0,-1],[0,-1]],[[340,249],[-1,0],[0,1]],[[352,251],[1,0]],[[353,251],[0,-1]],[[353,250],[0,-1]],[[351,250],[0,1]],[[351,251],[1,0]],[[352,251],[0,-1],[0,1]],[[354,251],[1,0]],[[355,251],[1,0],[0,-1],[0,-1],[-1,0]],[[355,249],[0,1],[-1,0],[1,0],[-1,0],[0,1]],[[352,252],[1,0]],[[353,252],[0,-1]],[[352,251],[0,1]],[[351,251],[0,1],[1,0]],[[352,252],[0,1]],[[352,253],[1,0]],[[353,253],[0,-1]],[[353,252],[1,0]],[[354,253],[0,-1]],[[354,252],[1,0],[0,1]],[[354,252],[0,-1]],[[354,251],[-1,0]],[[354,251],[0,-1],[0,1]],[[354,251],[0,-1],[1,0],[0,-1]],[[355,249],[0,-1]],[[355,249],[-1,0]],[[354,249],[0,1]],[[354,250],[-1,0]],[[353,253],[1,0]],[[354,253],[1,0]],[[355,253],[1,0],[0,-1]],[[356,252],[-1,0]],[[355,252],[0,-1]],[[349,250],[0,1]],[[349,251],[0,1],[0,1],[1,0],[1,0]],[[351,253],[-1,0]],[[350,253],[0,-1]],[[350,252],[-1,0]],[[349,252],[0,-1]],[[349,251],[1,0]],[[350,251],[0,-1]],[[351,251],[-1,0]],[[350,251],[0,1]],[[350,252],[1,0]],[[351,252],[0,1]],[[351,253],[1,0]],[[351,253],[0,1],[1,0]],[[352,254],[0,-1]],[[353,255],[0,-1],[1,0]],[[354,254],[0,-1]],[[353,253],[0,1],[-1,0]],[[353,253],[0,1],[0,-1]],[[352,254],[0,1],[-1,0],[1,0],[1,0]],[[353,255],[0,-1],[0,1]],[[355,253],[1,0],[0,-1],[0,1],[-1,0]],[[354,254],[0,1]],[[354,255],[0,1],[1,0]],[[355,256],[0,-1],[0,-1],[0,-1]],[[355,253],[0,1],[0,-1]],[[352,258],[0,-1]],[[352,257],[-1,0],[0,1],[1,0]],[[352,258],[1,0]],[[353,258],[0,1],[0,-1],[0,1],[0,-1]],[[353,258],[0,-1],[0,-1]],[[353,256],[-1,0]],[[352,256],[0,1]],[[353,255],[0,1]],[[353,256],[1,0]],[[353,258],[0,1]],[[353,259],[1,0]],[[354,259],[0,-1],[0,-1],[1,0],[0,-1]],[[355,256],[-1,0],[0,-1],[0,1],[0,-1]],[[354,255],[-1,0]],[[367,319],[-1,0],[1,0]],[[367,319],[0,1]],[[367,320],[-1,0],[0,-1],[0,1],[0,-1],[0,-1],[0,1],[-1,0],[1,0],[-1,0],[0,-1],[1,0],[-1,-1],[0,1],[0,-1],[1,0],[-1,0],[0,-1],[0,1],[0,-1],[0,-1],[-1,0],[0,1],[-1,0],[-1,0],[-1,0],[-1,0],[0,1],[-1,0],[0,1],[-1,0],[-1,0],[1,0],[-1,1],[0,1],[0,1],[-1,0],[1,0],[0,1],[-1,0],[1,0],[-1,0],[1,0],[-1,0],[1,0],[-1,0],[0,1],[0,-1],[0,1],[0,-1],[0,1],[0,-1],[0,1],[0,-1],[0,1],[-1,0],[-1,0],[0,1],[0,-1],[-1,0],[1,0],[0,-1],[-1,0],[1,0],[-1,0],[1,0],[0,-1],[0,1],[1,0],[0,-1],[0,1],[0,-1],[1,0],[0,-1],[-1,0],[-1,0],[0,1],[-1,0],[0,-1],[-1,0],[0,1],[-1,0],[0,1],[-1,0],[0,-1],[0,1],[-1,0],[1,0],[-1,0],[1,0],[-1,0],[0,1],[1,0],[-1,0],[-1,0],[0,1],[0,-1],[0,1],[-1,-1],[0,1],[-1,0],[0,1],[0,-1],[0,1],[-1,0],[0,1],[-1,0],[1,0],[-1,0],[0,-1],[0,-1],[-1,0],[1,0],[0,-1],[0,1],[1,0],[1,0],[0,-1],[1,0],[-1,0],[0,-1],[1,0],[-1,0],[-1,0],[0,-1],[-1,0],[0,-1],[0,-1],[-1,0],[-1,0],[0,-1],[-1,0],[0,-1],[0,-1],[-1,0],[0,-1],[0,-1],[-1,0],[1,0],[0,-1],[0,-1],[1,0],[1,0],[1,0],[0,-1],[1,0],[0,-1],[1,0],[1,0],[0,-1],[-1,0],[1,0],[0,-1],[1,0],[1,0],[1,0],[0,-1],[0,1],[0,-1],[1,0],[0,1],[1,0],[1,0],[0,-1],[0,-1],[0,-1],[1,0],[1,0],[0,-1],[0,1],[0,-1],[0,1],[0,-1],[1,1],[0,-1],[-1,0],[0,-1],[0,-1],[-1,0],[0,1],[-1,0],[0,-1],[-1,0],[0,1],[0,-1],[-1,0],[0,1],[-1,0],[-1,0],[0,-1],[-1,0],[0,1],[-1,0],[-1,0],[0,-1],[1,0],[-1,-1],[0,-1],[1,0],[-1,0],[0,-1],[-1,0],[1,0],[0,-1],[-1,0],[-1,0],[1,0],[-1,0],[0,-1],[1,0],[-1,0],[-1,0],[0,1],[0,1],[-1,0],[0,-1],[-1,0],[0,-1],[1,0],[-1,0],[1,0],[-1,0],[0,-1],[0,-1],[-1,0],[0,-1],[-1,0],[0,-1],[1,0],[0,-1],[0,-1],[1,0],[1,0],[0,-1],[1,0],[1,0],[1,-1],[1,0],[1,0],[1,0],[0,-1],[0,1],[1,0],[0,-1],[1,0],[1,0],[0,-1],[0,-1],[0,-1],[0,-1],[0,1],[0,-1],[0,-1],[1,0],[-1,0],[0,-1],[0,-1],[-1,0],[0,-1],[-1,0],[0,1],[0,-1],[0,1],[0,-1],[0,-1],[-1,0],[1,0],[0,-1],[-1,0],[0,-1],[1,0],[-1,0],[1,0],[0,-1],[1,0],[0,-1],[1,0],[0,-1],[1,0],[0,-1],[0,-1],[-1,0],[1,0],[-1,0],[0,-1],[0,1],[0,-1],[1,0],[0,-1],[1,0],[0,1],[0,-1],[1,0],[1,0],[1,0],[-1,0],[0,-1],[-1,0],[0,-1],[0,-1],[-1,0],[0,-1],[1,0],[-1,0],[1,0],[0,-1],[0,-1],[1,0],[0,-1],[-1,-1],[1,0],[0,-1],[0,-1],[0,1],[-1,0],[-1,0],[1,0],[-1,0],[0,1],[0,-1],[1,0],[1,0],[0,-1],[0,-1]],[[352,258],[0,-1],[0,1]],[[352,258],[-1,0]],[[351,258],[0,1],[0,-1]],[[351,258],[-1,0],[-1,0],[0,1],[0,-1],[1,0],[1,0]],[[351,258],[0,-1],[1,0]],[[352,256],[0,-1]],[[352,255],[1,0]],[[352,254],[-1,0],[1,0]],[[351,253],[-1,0],[1,0]],[[351,253],[-1,0],[-1,0]],[[349,253],[0,1],[0,1],[1,0],[-1,0],[0,-1],[0,-1]],[[349,253],[0,-1]],[[349,252],[-1,0],[0,1],[0,-1],[0,-1],[1,0]],[[349,251],[-1,0],[0,-1]],[[348,249],[-1,0],[0,1],[0,-1],[0,1],[0,-1],[0,-1],[1,0]],[[348,248],[-1,0],[0,1],[0,-1],[-1,0]],[[346,248],[0,1],[1,0],[-1,0],[0,1],[1,0],[0,1],[0,-1],[-1,0],[0,-1],[1,0],[-1,0],[0,-1]],[[346,248],[0,1],[-1,0]],[[345,249],[1,0],[0,1],[-1,0],[1,0],[-1,0],[0,-1]],[[345,249],[1,0],[-1,0]],[[345,249],[0,-1],[0,1],[0,-1]],[[345,248],[-1,0]],[[344,248],[0,1],[1,0]],[[345,249],[-1,0],[1,0]],[[345,249],[-1,0],[0,1],[0,-1],[1,0]],[[344,248],[0,-1]],[[344,248],[0,1],[0,-1]],[[344,248],[-1,0]],[[343,248],[-1,0],[1,0]],[[343,248],[0,-1]],[[343,247],[-1,0]],[[342,246],[0,-1],[0,1]],[[341,247],[0,1],[0,1],[-1,0]],[[340,249],[0,1]],[[340,250],[1,0],[0,1],[1,0],[0,1],[-1,0],[0,1],[-1,0],[-1,0],[0,1],[1,0],[-1,0],[0,-1],[-1,0],[-1,0],[0,1],[0,1],[0,1],[0,1],[-1,0],[0,-1],[1,0],[0,-1],[0,-1],[0,-1],[1,0],[1,0],[1,0],[1,0],[0,-1],[0,-1],[-1,0]],[[340,251],[-1,0],[0,-1]],[[339,250],[0,1],[-1,0],[0,1],[-1,0],[1,0],[0,-1],[0,-1],[1,0]],[[339,250],[-1,0],[0,-1],[0,-1],[-1,0],[0,-1],[-1,0],[0,-1],[0,1],[0,-1],[-1,0],[0,-1],[-1,0],[-1,0],[1,0],[-1,0],[1,0],[-1,0],[0,-1],[-1,0],[-1,0],[-1,0],[-1,0]],[[329,244],[0,-1],[0,1],[0,1],[-1,0],[0,1],[-1,0],[-1,0],[0,1],[0,-1],[0,1],[-1,0],[0,1],[0,1],[-1,0],[0,1],[-1,-1],[-1,0],[0,-1],[-1,0],[0,1],[0,1],[0,1],[-1,0],[0,1],[-1,0],[-1,0],[-1,0],[0,1]],[[317,253],[-1,0],[1,0]],[[340,325],[0,1],[0,-1]],[[340,325],[0,1],[1,0],[0,1],[0,1],[0,1],[0,1],[-1,0],[0,1],[0,1],[-1,0],[0,1],[0,-1],[0,1],[-1,0],[0,1],[0,1],[0,1]],[[351,335],[0,-1],[1,0],[1,0],[0,-1],[0,-1],[0,-1],[0,1],[1,0],[0,-1],[1,0],[1,0],[0,-1],[1,0],[0,-1],[1,0],[1,0],[1,0],[1,0],[0,1],[0,-1],[1,0],[1,0],[1,0],[1,-1],[1,0],[0,-1],[-1,0],[1,0],[1,0],[1,0],[1,0]],[[369,327],[1,0],[0,-1],[-1,0],[1,0],[0,-1],[-1,0],[0,-1],[1,0],[0,-1],[-1,0],[0,-1],[0,1],[0,-1],[-1,0],[0,-1],[-1,0],[0,-1],[0,-1],[0,-1],[0,1]],[[142,435],[-1,0],[-1,0],[0,-1]],[[138,433],[0,-1],[-1,0]],[[137,432],[-1,0]],[[136,432],[-1,0],[0,-1]],[[135,431],[-1,0],[-1,-1]],[[133,430],[-1,0],[-1,0]],[[131,430],[-1,0],[0,-1],[1,0],[0,-1]],[[131,428],[1,0],[0,-1],[0,-1],[0,-1]],[[132,425],[-1,0],[0,-1]],[[130,423],[-1,-1],[-1,0],[1,0]],[[129,422],[0,-1],[-1,0]],[[128,421],[-2,0],[-1,-1]],[[125,420],[0,-1],[0,1],[-1,0]],[[124,420],[-1,0],[-1,0]],[[121,420],[0,1],[-1,0]],[[120,421],[0,1],[-1,0],[-1,0]],[[118,422],[0,1],[-1,0],[-1,0],[0,-1]],[[116,422],[-1,0]],[[115,422],[0,1],[-1,0],[-1,0],[-1,0],[-1,0],[0,1],[-1,0]],[[110,424],[0,1]],[[110,425],[1,1],[-1,0]],[[110,426],[0,1],[0,1],[1,0]],[[111,428],[0,1],[-1,-1]],[[110,428],[-1,-1],[-1,0],[-1,1],[-1,0]],[[106,428],[-1,0],[-1,0],[0,1],[-1,0],[-1,0],[0,1],[-1,0],[-1,0],[-1,0],[0,1],[-1,0],[-1,0],[-1,0],[-1,0],[0,1],[-1,0],[0,1],[-1,0],[0,1],[0,1],[-1,1],[0,1],[0,-1],[0,1],[0,1],[1,1],[-1,0],[0,1],[1,0],[-1,1],[0,1],[0,1],[0,1],[0,1],[0,1],[-1,1],[0,1],[0,1],[-1,1],[0,1],[0,1],[0,1],[-1,0],[0,1],[0,1],[0,1],[0,1],[1,0],[1,0],[0,1],[1,0],[0,-1],[1,0],[0,1],[1,0],[0,1],[-1,0],[1,1],[0,1],[1,0],[1,0],[1,0],[1,0],[0,1],[1,0],[1,1],[0,1],[1,0],[0,1],[0,-1],[0,1],[-1,0],[1,1],[0,1],[-1,0],[-1,0],[-1,0],[0,1],[-1,0],[-1,0],[-1,0],[-1,0],[0,1],[-1,1],[1,1],[1,0],[1,1],[0,1],[-1,0],[-1,0],[-2,1],[-1,0],[-1,0],[-2,0],[-1,1],[-1,1],[-1,1],[0,1],[-1,0],[-1,1],[0,-1],[-1,0],[-1,0],[-1,0],[0,1],[-1,0],[0,-1],[-1,0],[-1,0],[-1,0],[-1,0],[-2,1],[0,1],[1,0],[0,1],[1,0],[-1,0],[0,1],[0,1],[0,1],[0,1],[1,0],[1,0],[1,0],[0,1],[1,0],[1,0],[0,1],[1,0],[0,1],[1,0],[1,0],[-1,1],[1,0],[1,0],[0,1],[0,1],[0,1],[1,0],[1,0],[0,1],[0,-1],[1,0],[1,0],[1,1],[1,0],[1,0],[1,0],[1,-1],[1,0],[1,0],[1,0],[1,0],[1,0],[0,1],[-1,1],[-1,0],[-1,1],[0,1],[1,-1],[0,1],[1,-1],[1,0],[1,0],[1,-1],[1,0],[1,0],[1,0],[0,1],[1,0],[1,0],[0,1],[1,0],[1,1],[1,0],[1,0],[1,0],[0,-1],[1,1],[0,1],[1,0],[1,0],[0,1],[0,-1],[1,0],[1,0],[0,-1],[1,-1],[1,0],[0,1],[1,0],[1,0],[0,-1],[1,0],[1,0],[0,1],[1,1],[1,0],[1,0],[0,-1],[1,0],[0,-1],[1,-1],[0,-1],[1,0],[1,0],[1,-1],[1,0],[0,-1],[1,-1],[1,-1],[1,0],[1,-1],[1,0],[1,-1],[1,0],[0,-1],[1,0],[1,0],[1,0],[1,0],[0,-1],[1,0],[0,-1],[1,-1],[1,0],[1,0],[1,0],[0,-1],[0,-1],[1,0],[1,0],[0,-1],[-1,0],[0,-1],[0,-1],[1,0],[0,-1],[1,0],[1,0],[0,-1],[1,0],[1,0],[1,0],[0,1],[0,-1],[1,0],[0,-1],[1,0],[1,0],[1,0],[1,0],[0,-1],[1,0],[0,-1],[1,0],[0,-1],[-1,0],[-1,0],[-1,0],[1,-1],[1,0],[1,0],[1,0],[1,0],[1,0],[1,0],[0,1],[0,-1],[1,0]],[[164,472],[1,0],[1,0],[0,1],[1,0],[0,1],[1,0],[1,0],[0,-1],[1,0],[0,1],[1,0],[0,1],[1,0],[0,1],[1,0],[1,0],[1,1],[1,0],[1,0],[1,0],[1,0],[0,1],[1,0],[1,0],[1,0],[1,0],[1,0],[1,0],[1,0],[1,0],[1,0],[0,1],[0,1],[1,0],[1,0],[1,0],[1,-1],[1,0],[1,-1],[1,0],[1,0],[1,0],[1,-1],[1,0],[1,0],[1,0],[0,1],[1,0],[1,-1],[0,-1],[1,-1],[1,0],[1,-1],[1,0],[0,-1],[1,0],[-1,-1],[0,-1],[0,-1],[-1,-1],[0,-1],[-1,0],[0,-1],[0,-1],[0,-1],[-1,-2],[-1,-1],[0,-1],[0,-1],[-1,-1],[-1,0],[-1,0],[-1,0],[-1,0],[0,-1],[0,-1],[0,-1],[-1,0],[-1,0],[-1,0],[-1,0],[-1,-1],[1,0],[0,-1],[0,-1],[1,0],[0,-1],[-1,-1],[-1,0],[0,-1],[-1,-2],[-1,0],[-1,0],[-1,0],[-1,0],[-1,1],[0,-1],[-1,0],[-1,0],[0,1],[-1,-1],[-1,-1],[1,0],[0,-1],[0,-1],[1,0],[0,-1],[1,0],[-1,0],[0,-1],[0,-1],[1,1],[0,-1],[0,-1],[-1,1],[-1,-1],[-1,1],[0,-1],[0,-1],[1,0],[-1,0],[0,-1],[0,-1],[1,0],[0,-1],[1,0],[1,-1],[1,0],[1,0],[1,0],[1,0],[1,0],[1,0],[0,-1],[0,-1],[-1,0]],[[191,434],[0,-1]],[[191,433],[0,-1],[-1,0]],[[190,432],[1,-1],[1,-1],[1,0],[0,-1],[1,-1],[1,0],[0,-1],[-1,-1]],[[194,426],[-1,-1],[-1,0],[0,-1]],[[191,424],[0,1],[-1,0],[0,-1],[-1,0],[0,-1]],[[189,423],[-1,0]],[[188,423],[-1,0],[0,-1]],[[187,422],[-1,0],[0,-1],[0,1]],[[186,422],[-1,-1],[-1,0],[-1,0],[0,1],[-1,0],[-1,0]],[[181,422],[0,1],[0,1],[-1,0]],[[180,424],[1,1],[-1,0]],[[180,425],[0,1],[-1,0],[-1,-1]],[[178,425],[-1,0],[-1,0],[-1,0],[0,-1]],[[175,424],[-1,0],[0,-1]],[[173,423],[0,-1],[0,1]],[[173,423],[-1,0],[1,1],[1,1]],[[174,425],[0,1],[0,1],[0,1],[-1,-1]],[[173,427],[-1,0],[0,-1],[-1,0],[-1,0]],[[170,426],[-1,0],[0,-1]],[[169,425],[0,1],[-1,-1]],[[168,425],[1,0],[-1,0]],[[168,425],[-1,0],[0,1],[-1,0]],[[166,427],[0,1],[-1,0]],[[165,428],[0,1],[-1,0],[0,1],[-1,0]],[[163,430],[0,1],[-1,0]],[[162,431],[-1,0],[0,-1],[-1,0],[-1,-1],[-1,0],[-1,0],[-1,0],[-1,0]],[[155,429],[0,1],[-1,0],[-1,0]],[[153,430],[0,1],[-1,0]],[[150,431],[0,1],[-1,0]],[[149,432],[0,1],[-1,0]],[[148,433],[0,1],[-1,0]],[[147,434],[1,1],[-1,0]],[[147,435],[-1,0],[-1,-1],[-1,0]],[[144,434],[0,1],[-1,0]]]}